field_id,date,crop_type,variety,crop_age_days,growth_stage,soil_moisture,soil_temperature,soil_ph,nitrogen,phosphorus,potassium,temperature,humidity,rainfall,wind_speed,solar_radiation,irrigation_amount,fertilizer_amount,disease_score,pest_count,ndvi,actual_yield
F-001,2026-08-18,Cotton,Deltapine DP1646,55,Grain/Pod Filling,36.2,21.0,6.06,129.4,44.3,128.6,24.4,75.7,15.4,14.1,14.1,0.0,0.0,4.9,9,0.767,2.11
F-001,2026-08-19,Cotton,Deltapine DP1646,56,Grain/Pod Filling,39.1,24.1,6.17,129.0,44.2,128.5,25.1,98.0,11.2,16.0,15.1,0.0,0.0,5.1,11,0.766,2.25
F-001,2026-08-20,Cotton,Deltapine DP1646,57,Grain/Pod Filling,29.7,23.7,6.04,128.6,44.1,128.3,24.7,68.8,0.0,16.8,19.2,0.0,0.0,4.9,10,0.763,1.97
F-001,2026-08-21,Cotton,Deltapine DP1646,58,Grain/Pod Filling,20.7,19.4,6.08,128.2,44.0,128.2,20.5,72.7,0.0,11.3,23.4,0.0,0.0,5.1,6,0.719,1.85
F-001,2026-08-22,Cotton,Deltapine DP1646,59,Grain/Pod Filling,18.3,17.8,6.08,127.8,43.9,128.0,17.5,77.0,2.7,18.7,23.6,0.0,0.0,5.2,3,0.69,1.72
F-001,2026-08-23,Cotton,Deltapine DP1646,60,Grain/Pod Filling,12.5,22.1,6.13,127.4,43.8,127.9,24.6,76.8,0.0,9.5,21.7,0.0,0.0,5.3,2,0.684,1.69
F-001,2026-08-24,Cotton,Deltapine DP1646,61,Grain/Pod Filling,9.3,22.6,6.17,127.0,43.7,127.7,23.8,68.3,0.0,14.8,21.5,0.0,0.0,4.8,2,0.681,1.56
F-001,2026-08-25,Cotton,Deltapine DP1646,62,Grain/Pod Filling,8.0,23.3,6.08,126.6,43.6,127.6,24.2,56.9,0.0,11.5,24.0,0.0,0.0,5.0,2,0.686,1.54
F-001,2026-08-26,Cotton,Deltapine DP1646,63,Grain/Pod Filling,8.0,22.1,6.07,126.2,43.5,127.4,23.3,61.4,0.0,12.7,23.8,0.0,0.0,4.4,3,0.627,1.42
F-001,2026-08-27,Cotton,Deltapine DP1646,64,Grain/Pod Filling,8.0,23.9,6.04,125.8,43.4,127.3,25.0,69.5,0.0,13.2,29.5,0.0,0.0,4.6,2,0.679,1.54
F-001,2026-08-28,Cotton,Deltapine DP1646,65,Grain/Pod Filling,8.0,21.8,6.13,182.6,60.5,138.6,23.3,69.6,0.0,11.8,21.7,0.0,57.3,5.1,2,0.687,1.54
F-001,2026-08-29,Cotton,Deltapine DP1646,66,Grain/Pod Filling,8.0,20.3,6.11,125.0,43.2,127.0,22.0,57.2,0.0,17.9,27.6,0.0,0.0,5.4,5,0.72,1.53
F-001,2026-08-30,Cotton,Deltapine DP1646,67,Grain/Pod Filling,8.0,30.2,6.05,124.6,43.1,126.8,32.8,65.8,0.0,8.5,19.3,0.0,0.0,5.7,4,0.655,1.36
F-001,2026-08-31,Cotton,Deltapine DP1646,68,Grain/Pod Filling,8.0,27.3,6.1,124.2,43.0,126.7,31.4,57.2,0.0,12.4,20.6,0.0,0.0,6.2,2,0.688,1.47
F-001,2026-09-01,Cotton,Deltapine DP1646,69,Grain/Pod Filling,8.0,24.7,6.11,123.8,42.9,126.5,26.5,86.5,3.9,18.1,22.3,0.0,0.0,6.8,2,0.663,1.35
F-002,2026-08-18,Rice,Diamond Long-Grain,69,Grain/Pod Filling,50.5,22.1,6.08,93.7,47.7,157.4,23.5,76.6,0.0,9.9,23.7,0.0,0.0,30.9,7,0.777,6.07
F-002,2026-08-19,Rice,Diamond Long-Grain,70,Grain/Pod Filling,44.1,19.6,6.01,93.3,47.6,157.3,20.8,64.9,0.0,16.1,14.3,0.0,0.0,31.8,9,0.699,5.36
F-002,2026-08-20,Rice,Diamond Long-Grain,71,Grain/Pod Filling,65.7,24.0,6.05,92.9,47.5,157.1,26.4,85.4,33.9,13.3,8.0,0.0,0.0,35.7,7,0.703,5.35
F-002,2026-08-21,Rice,Diamond Long-Grain,72,Grain/Pod Filling,59.1,18.9,6.1,92.5,47.4,157.0,19.9,51.6,0.0,5.9,24.5,0.0,0.0,36.2,9,0.74,5.17
F-002,2026-08-22,Rice,Diamond Long-Grain,73,Grain/Pod Filling,52.4,27.7,6.05,92.1,47.3,156.8,29.7,55.4,0.0,20.9,24.1,0.0,0.0,37.3,9,0.693,5.49
F-002,2026-08-23,Rice,Diamond Long-Grain,74,Grain/Pod Filling,48.3,20.8,6.03,91.7,47.2,156.7,23.6,65.7,0.0,12.0,17.2,0.0,0.0,39.2,10,0.725,5.46
F-002,2026-08-24,Rice,Diamond Long-Grain,75,Maturity,39.0,26.3,6.02,91.3,47.1,156.5,29.8,65.6,0.0,8.6,24.2,0.0,0.0,40.9,10,0.701,5.2
F-002,2026-08-25,Rice,Diamond Long-Grain,76,Maturity,52.4,25.1,6.07,90.9,47.0,156.4,27.5,51.9,0.0,4.0,19.1,23.6,0.0,41.8,6,0.704,4.8
F-002,2026-08-26,Rice,Diamond Long-Grain,77,Maturity,48.9,19.5,6.04,90.5,46.9,156.2,20.4,74.5,0.0,20.3,30.5,0.0,0.0,44.3,5,0.683,5.06
F-002,2026-08-27,Rice,Diamond Long-Grain,78,Maturity,42.4,21.8,6.13,90.1,46.8,156.1,23.1,72.0,0.0,17.0,30.5,0.0,0.0,46.0,6,0.693,5.27
F-002,2026-08-28,Rice,Diamond Long-Grain,79,Maturity,37.2,20.7,6.01,89.7,46.7,155.9,21.0,76.6,0.0,14.1,21.2,0.0,0.0,48.9,4,0.71,5.15
F-002,2026-08-29,Rice,Diamond Long-Grain,80,Maturity,50.5,24.9,6.1,89.3,46.6,155.8,26.7,69.8,0.0,16.3,24.0,20.5,0.0,51.0,5,0.683,5.04
F-002,2026-08-30,Rice,Diamond Long-Grain,81,Maturity,44.9,23.1,6.14,88.9,46.5,155.6,24.4,58.8,0.0,12.2,25.6,0.0,0.0,51.9,5,0.692,4.96
F-002,2026-08-31,Rice,Diamond Long-Grain,82,Maturity,43.9,15.6,6.04,88.5,46.4,155.5,16.4,98.0,3.5,16.6,24.8,0.0,0.0,54.8,4,0.717,4.71
F-002,2026-09-01,Rice,Diamond Long-Grain,83,Maturity,36.7,24.8,6.05,88.1,46.3,155.3,26.9,65.1,0.0,18.7,24.7,0.0,0.0,57.3,3,0.69,5.03
F-003,2026-08-18,Soybean,Brevant B281EE,82,Maturity,47.5,29.7,5.91,29.1,41.9,140.8,33.1,83.1,0.0,16.0,25.6,0.0,0.0,31.7,17,0.725,2.68
F-003,2026-08-19,Soybean,Brevant B281EE,83,Maturity,42.8,24.1,5.89,28.7,41.8,140.6,26.8,50.5,0.0,7.0,19.3,0.0,0.0,32.0,17,0.749,3.0
F-003,2026-08-20,Soybean,Brevant B281EE,84,Maturity,38.0,21.2,5.96,28.3,41.7,140.5,21.9,49.1,0.0,11.9,28.4,0.0,0.0,32.9,19,0.741,2.86
F-003,2026-08-21,Soybean,Brevant B281EE,85,Maturity,55.0,23.9,5.89,27.9,41.6,140.3,26.3,50.5,0.0,9.8,22.9,26.1,0.0,34.1,16,0.706,3.06
F-003,2026-08-22,Soybean,Brevant B281EE,86,Maturity,46.2,28.2,5.83,27.5,41.5,140.2,31.3,68.7,0.0,15.0,21.4,0.0,0.0,35.9,16,0.695,2.94
F-003,2026-08-23,Soybean,Brevant B281EE,87,Maturity,40.7,22.2,6.02,27.1,41.4,140.0,24.2,57.4,0.0,14.8,14.3,0.0,0.0,36.9,15,0.698,2.85
F-003,2026-08-24,Soybean,Brevant B281EE,88,Maturity,43.9,17.5,5.93,26.7,41.3,139.9,16.9,86.4,6.4,19.2,19.0,0.0,0.0,40.8,13,0.671,2.89
F-003,2026-08-25,Soybean,Brevant B281EE,89,Maturity,56.3,26.3,5.9,26.3,41.2,139.7,27.3,69.1,24.0,11.0,12.4,0.0,0.0,44.3,13,0.686,2.6
F-003,2026-08-26,Soybean,Brevant B281EE,90,Maturity,51.1,21.6,6.01,25.9,41.1,139.6,23.7,56.5,0.0,9.3,23.3,0.0,0.0,44.5,15,0.703,2.76
F-003,2026-08-27,Soybean,Brevant B281EE,91,Maturity,44.8,23.9,5.96,25.5,41.0,139.4,26.4,76.8,0.0,14.3,26.1,0.0,0.0,47.0,18,0.636,2.51
F-003,2026-08-28,Soybean,Brevant B281EE,92,Maturity,40.3,26.0,5.91,25.1,40.9,139.3,30.2,67.0,0.0,14.2,25.3,0.0,0.0,48.7,15,0.692,2.79
F-003,2026-08-29,Soybean,Brevant B281EE,93,Maturity,32.5,29.0,5.95,24.7,40.8,139.1,30.7,74.8,0.0,15.7,15.2,0.0,0.0,51.4,12,0.645,2.39
F-003,2026-08-30,Soybean,Brevant B281EE,94,Maturity,29.5,19.8,6.04,24.3,40.7,139.0,21.2,69.9,0.0,3.7,14.9,0.0,0.0,53.3,11,0.675,2.29
F-003,2026-08-31,Soybean,Brevant B281EE,95,Maturity,40.6,19.7,5.93,23.9,40.6,138.8,21.9,80.5,2.2,11.6,17.8,17.4,0.0,56.0,8,0.656,2.51
F-003,2026-09-01,Soybean,Brevant B281EE,96,Maturity,39.0,17.0,5.86,23.5,40.5,138.7,19.8,86.2,5.7,23.9,20.5,0.0,0.0,60.0,10,0.665,2.57
F-004,2026-08-18,Soybean,Asgrow AG36X6,71,Grain/Pod Filling,46.6,27.6,5.85,40.8,19.6,162.4,30.8,61.4,0.0,18.5,23.2,0.0,0.0,5.1,2,0.762,3.52
F-004,2026-08-19,Soybean,Asgrow AG36X6,72,Grain/Pod Filling,42.2,30.7,5.82,40.4,19.5,162.3,31.9,73.8,0.0,9.6,22.0,0.0,0.0,5.6,5,0.813,3.5
F-004,2026-08-20,Soybean,Asgrow AG36X6,73,Grain/Pod Filling,36.6,20.4,5.88,40.0,19.4,162.1,22.0,67.3,0.0,18.2,13.7,0.0,0.0,5.3,8,0.756,3.54
F-004,2026-08-21,Soybean,Asgrow AG36X6,74,Grain/Pod Filling,61.7,22.0,5.94,39.6,19.3,162.0,23.1,59.5,0.0,14.2,18.7,34.6,0.0,4.9,7,0.783,3.53
F-004,2026-08-22,Soybean,Asgrow AG36X6,75,Maturity,55.4,26.0,5.85,39.2,19.2,161.8,28.0,67.9,0.0,22.9,20.3,0.0,0.0,5.2,6,0.767,3.75
F-004,2026-08-23,Soybean,Asgrow AG36X6,76,Maturity,54.1,23.6,5.87,38.8,19.1,161.7,25.2,68.4,7.9,10.7,19.0,0.0,0.0,5.0,8,0.754,3.55
F-004,2026-08-24,Soybean,Asgrow AG36X6,77,Maturity,47.6,25.2,5.87,38.4,19.0,161.5,26.9,64.3,0.0,8.9,21.1,0.0,0.0,5.2,5,0.797,3.52
F-004,2026-08-25,Soybean,Asgrow AG36X6,78,Maturity,40.2,24.7,5.93,38.0,18.9,161.4,26.3,63.4,0.0,13.4,22.5,0.0,0.0,5.5,6,0.774,3.46
F-004,2026-08-26,Soybean,Asgrow AG36X6,79,Maturity,37.6,21.1,5.86,37.6,18.8,161.2,21.5,62.3,0.0,17.0,20.0,0.0,0.0,5.8,6,0.788,3.73
F-004,2026-08-27,Soybean,Asgrow AG36X6,80,Maturity,31.2,18.7,5.86,37.2,18.7,161.1,20.5,65.2,0.0,18.1,13.2,0.0,0.0,5.9,7,0.79,2.99
F-004,2026-08-28,Soybean,Asgrow AG36X6,81,Maturity,25.8,26.0,5.92,36.8,18.6,160.9,27.8,64.9,0.0,19.3,25.3,0.0,0.0,5.8,4,0.739,2.92
F-004,2026-08-29,Soybean,Asgrow AG36X6,82,Maturity,36.5,26.2,5.94,36.4,18.5,160.8,26.6,79.9,22.5,12.7,9.1,0.0,0.0,5.5,3,0.813,3.82
F-004,2026-08-30,Soybean,Asgrow AG36X6,83,Maturity,26.3,28.9,5.94,36.0,18.4,160.6,31.5,53.2,0.0,10.6,25.3,0.0,0.0,5.9,2,0.733,2.98
F-004,2026-08-31,Soybean,Asgrow AG36X6,84,Maturity,21.8,25.2,5.88,35.6,18.3,160.5,27.7,67.2,0.0,15.3,17.4,0.0,0.0,5.7,5,0.724,2.91
F-004,2026-09-01,Soybean,Asgrow AG36X6,85,Maturity,40.5,22.0,5.82,35.2,18.2,160.3,24.5,60.3,0.0,18.8,24.2,29.9,0.0,6.0,2,0.773,3.69
F-005,2026-08-18,Corn,Dekalb DKC64-35,42,Flowering,50.3,22.8,7.29,78.2,33.1,174.3,25.1,62.3,0.0,18.0,21.4,0.0,0.0,4.1,12,0.766,7.29
F-005,2026-08-19,Corn,Dekalb DKC64-35,43,Flowering,44.0,23.5,7.31,77.8,33.0,174.2,26.0,87.8,0.0,5.9,16.6,0.0,0.0,3.5,13,0.758,6.86
F-005,2026-08-20,Corn,Dekalb DKC64-35,44,Flowering,40.8,18.4,7.25,77.4,32.9,174.0,22.6,86.6,0.4,26.8,17.4,0.0,0.0,2.2,12,0.772,6.96
F-005,2026-08-21,Corn,Dekalb DKC64-35,45,Flowering,33.7,25.2,7.23,77.0,32.8,173.9,26.8,59.3,0.0,12.9,24.1,0.0,0.0,2.9,14,0.777,6.96
F-005,2026-08-22,Corn,Dekalb DKC64-35,46,Flowering,41.9,24.2,7.33,76.6,32.7,173.7,25.7,65.3,0.0,17.6,17.5,17.1,0.0,3.2,10,0.818,7.49
F-005,2026-08-23,Corn,Dekalb DKC64-35,47,Flowering,33.9,25.6,7.21,76.2,32.6,173.6,27.5,62.2,0.0,8.7,22.9,0.0,0.0,3.5,13,0.785,7.55
F-005,2026-08-24,Corn,Dekalb DKC64-35,48,Flowering,51.9,27.9,7.25,75.8,32.5,173.4,29.2,63.2,0.0,7.8,18.7,26.8,0.0,2.8,14,0.768,7.09
F-005,2026-08-25,Corn,Dekalb DKC64-35,49,Flowering,44.8,27.2,7.31,75.4,32.4,173.3,27.7,66.7,0.0,9.1,16.7,0.0,0.0,3.9,10,0.726,7.33
F-005,2026-08-26,Corn,Dekalb DKC64-35,50,Grain/Pod Filling,38.0,23.3,7.27,75.0,32.3,173.1,23.8,60.8,0.0,14.1,23.4,0.0,0.0,3.6,8,0.787,7.35
F-005,2026-08-27,Corn,Dekalb DKC64-35,51,Grain/Pod Filling,49.0,29.5,7.32,74.6,32.2,173.0,30.8,63.5,0.0,10.6,19.8,20.3,0.0,4.0,5,0.769,7.37
F-005,2026-08-28,Corn,Dekalb DKC64-35,52,Grain/Pod Filling,42.0,19.6,7.28,74.2,32.1,172.8,19.6,52.2,0.0,12.3,22.8,0.0,0.0,4.3,5,0.782,7.13
F-005,2026-08-29,Corn,Dekalb DKC64-35,53,Grain/Pod Filling,34.9,25.4,7.24,73.8,32.0,172.7,27.5,70.4,0.0,14.7,15.0,0.0,0.0,3.7,4,0.791,7.83
F-005,2026-08-30,Corn,Dekalb DKC64-35,54,Grain/Pod Filling,27.6,18.5,7.3,73.4,31.9,172.5,20.1,74.9,0.0,13.8,29.1,0.0,0.0,3.5,2,0.755,7.21
F-005,2026-08-31,Corn,Dekalb DKC64-35,55,Grain/Pod Filling,22.1,27.0,7.19,73.0,31.8,172.4,29.5,56.3,0.0,14.2,24.8,0.0,0.0,3.9,5,0.763,6.51
F-005,2026-09-01,Corn,Dekalb DKC64-35,56,Grain/Pod Filling,25.7,20.7,7.34,72.6,31.7,172.2,24.5,87.1,10.1,8.6,22.2,0.0,0.0,3.9,7,0.775,6.67
F-006,2026-08-18,Wheat,WB9719,47,Flowering,24.5,30.0,5.89,121.7,32.3,171.7,30.5,58.5,0.0,19.2,23.1,0.0,0.0,5.0,16,0.753,3.76
F-006,2026-08-19,Wheat,WB9719,48,Flowering,22.1,18.7,5.83,121.3,32.2,171.5,20.6,69.8,4.9,22.7,20.7,0.0,0.0,5.0,19,0.699,3.72
F-006,2026-08-20,Wheat,WB9719,49,Flowering,15.1,20.4,5.89,120.9,32.1,171.4,21.8,54.3,0.0,17.4,25.9,0.0,0.0,4.9,19,0.705,3.24
F-006,2026-08-21,Wheat,WB9719,50,Grain/Pod Filling,8.6,22.2,5.88,120.5,32.0,171.2,24.3,71.0,0.0,11.9,21.6,0.0,0.0,5.5,21,0.691,2.92
F-006,2026-08-22,Wheat,WB9719,51,Grain/Pod Filling,8.0,24.3,5.89,120.1,31.9,171.1,27.6,59.5,0.0,17.2,31.4,0.0,0.0,5.1,17,0.668,2.67
F-006,2026-08-23,Wheat,WB9719,52,Grain/Pod Filling,8.0,21.3,5.97,119.7,31.8,170.9,23.9,64.7,0.0,13.7,21.2,0.0,0.0,5.2,14,0.633,2.8
F-006,2026-08-24,Wheat,WB9719,53,Grain/Pod Filling,8.0,22.0,5.92,119.3,31.7,170.8,22.7,56.6,0.0,14.0,19.9,0.0,0.0,5.2,17,0.688,2.9
F-006,2026-08-25,Wheat,WB9719,54,Grain/Pod Filling,8.0,30.1,5.98,118.9,31.6,170.6,32.5,73.2,0.0,16.0,24.6,0.0,0.0,5.3,16,0.682,2.88
F-006,2026-08-26,Wheat,WB9719,55,Grain/Pod Filling,20.7,24.4,5.97,118.5,31.5,170.5,27.1,98.0,25.5,17.2,11.1,0.0,0.0,5.9,18,0.697,3.45
F-006,2026-08-27,Wheat,WB9719,56,Grain/Pod Filling,17.6,22.3,5.93,118.1,31.4,170.3,25.3,66.1,5.7,12.0,17.0,0.0,0.0,5.7,15,0.728,3.28
F-006,2026-08-28,Wheat,WB9719,57,Grain/Pod Filling,8.5,24.8,6.02,117.7,31.3,170.2,27.4,63.1,0.0,12.0,22.5,0.0,0.0,6.3,13,0.638,2.94
F-006,2026-08-29,Wheat,WB9719,58,Grain/Pod Filling,8.0,25.6,5.95,117.3,31.2,170.0,29.9,82.3,0.0,19.7,20.2,0.0,0.0,5.7,12,0.64,2.88
F-006,2026-08-30,Wheat,WB9719,59,Grain/Pod Filling,13.8,19.8,6.0,116.9,31.1,169.9,21.2,74.8,13.7,17.5,11.4,0.0,0.0,6.0,15,0.686,3.0
F-006,2026-08-31,Wheat,WB9719,60,Grain/Pod Filling,8.0,21.7,5.94,116.5,31.0,169.7,22.1,53.3,0.0,10.1,24.6,0.0,0.0,6.4,12,0.666,2.71
F-006,2026-09-01,Wheat,WB9719,61,Grain/Pod Filling,8.0,24.3,5.95,116.1,30.9,169.6,27.6,70.7,0.0,16.2,18.2,0.0,0.0,7.0,8,0.68,2.87
F-007,2026-08-18,Corn,Dekalb DKC64-35,53,Grain/Pod Filling,50.0,24.1,6.16,49.7,47.3,110.9,25.6,53.2,0.0,15.6,21.7,0.0,0.0,5.6,15,0.781,7.29
F-007,2026-08-19,Corn,Dekalb DKC64-35,54,Grain/Pod Filling,42.2,22.5,6.12,49.3,47.2,110.8,24.0,62.4,0.0,12.0,22.0,0.0,0.0,6.4,12,0.793,7.76
F-007,2026-08-20,Corn,Dekalb DKC64-35,55,Grain/Pod Filling,36.3,23.4,6.16,48.9,47.1,110.6,24.4,75.8,0.0,18.6,24.2,0.0,0.0,6.3,15,0.8,6.85
F-007,2026-08-21,Corn,Dekalb DKC64-35,56,Grain/Pod Filling,32.0,21.7,6.16,48.5,47.0,110.5,23.7,72.0,0.0,16.0,19.7,0.0,0.0,6.9,12,0.766,6.87
F-007,2026-08-22,Corn,Dekalb DKC64-35,57,Grain/Pod Filling,49.7,23.0,6.16,48.1,46.9,110.3,25.2,52.9,0.0,22.7,26.3,27.3,0.0,5.9,12,0.787,6.75
F-007,2026-08-23,Corn,Dekalb DKC64-35,58,Grain/Pod Filling,42.2,30.9,6.14,47.7,46.8,110.2,33.5,82.3,0.0,16.2,17.5,0.0,0.0,5.6,14,0.779,6.99
F-007,2026-08-24,Corn,Dekalb DKC64-35,59,Grain/Pod Filling,39.4,29.1,6.16,47.3,46.7,110.0,30.0,62.3,0.0,18.4,25.1,0.0,0.0,5.8,12,0.745,7.65
F-007,2026-08-25,Corn,Dekalb DKC64-35,60,Grain/Pod Filling,33.4,30.7,6.22,46.9,46.6,109.9,32.2,48.7,0.0,11.1,27.9,0.0,0.0,6.0,15,0.753,6.62
F-007,2026-08-26,Corn,Dekalb DKC64-35,61,Grain/Pod Filling,49.8,25.0,6.18,46.5,46.5,109.7,26.8,41.8,0.0,13.5,19.1,23.1,0.0,6.9,14,0.749,6.95
F-007,2026-08-27,Corn,Dekalb DKC64-35,62,Grain/Pod Filling,43.9,23.7,6.21,46.1,46.4,109.6,25.7,73.1,0.0,7.8,20.1,0.0,0.0,6.9,12,0.784,7.6
F-007,2026-08-28,Corn,Dekalb DKC64-35,63,Grain/Pod Filling,38.8,22.1,6.14,45.7,46.3,109.4,23.9,45.5,0.0,13.2,17.4,0.0,0.0,7.0,8,0.771,7.36
F-007,2026-08-29,Corn,Dekalb DKC64-35,64,Grain/Pod Filling,49.4,30.4,6.14,45.3,46.2,109.3,33.3,68.8,0.0,16.2,20.8,20.4,0.0,7.0,7,0.765,6.94
F-007,2026-08-30,Corn,Dekalb DKC64-35,65,Grain/Pod Filling,48.2,20.1,6.15,104.8,64.0,121.1,20.8,79.6,1.3,22.6,24.6,0.0,59.9,6.9,8,0.781,7.05
F-007,2026-08-31,Corn,Dekalb DKC64-35,66,Grain/Pod Filling,39.2,27.8,6.12,44.5,46.0,109.0,29.8,44.0,0.0,28.7,26.4,0.0,0.0,7.2,5,0.76,7.36
F-007,2026-09-01,Corn,Dekalb DKC64-35,67,Grain/Pod Filling,32.9,23.0,6.14,44.1,45.9,108.8,24.4,59.1,0.0,18.0,17.1,0.0,0.0,7.2,2,0.795,6.72
F-008,2026-08-18,Corn,Dekalb DKC64-35,61,Grain/Pod Filling,48.8,23.0,7.22,103.7,60.9,184.9,26.2,68.4,0.0,8.4,20.7,0.0,0.0,4.7,7,0.777,7.44
F-008,2026-08-19,Corn,Dekalb DKC64-35,62,Grain/Pod Filling,41.1,28.1,7.34,103.3,60.8,184.7,29.7,70.7,0.0,12.5,27.5,0.0,0.0,4.8,8,0.756,7.36
F-008,2026-08-20,Corn,Dekalb DKC64-35,63,Grain/Pod Filling,36.6,30.1,7.32,102.9,60.7,184.6,31.6,44.8,0.0,19.4,26.3,0.0,0.0,4.6,6,0.784,7.67
F-008,2026-08-21,Corn,Dekalb DKC64-35,64,Grain/Pod Filling,42.9,22.2,7.15,102.5,60.6,184.4,23.6,87.5,0.0,14.3,26.5,15.5,0.0,3.8,3,0.757,7.18
F-008,2026-08-22,Corn,Dekalb DKC64-35,65,Grain/Pod Filling,37.0,21.9,7.26,163.6,79.0,196.6,24.1,81.2,0.0,15.6,27.3,0.0,61.5,3.9,2,0.798,7.31
F-008,2026-08-23,Corn,Dekalb DKC64-35,66,Grain/Pod Filling,53.4,19.1,7.29,101.7,60.4,184.1,20.1,64.0,0.0,18.9,19.5,21.2,0.0,4.3,2,0.768,7.58
F-008,2026-08-24,Corn,Dekalb DKC64-35,67,Grain/Pod Filling,46.3,25.7,7.28,101.3,60.3,184.0,27.4,59.2,0.0,9.5,18.7,0.0,0.0,4.1,2,0.813,7.28
F-008,2026-08-25,Corn,Dekalb DKC64-35,68,Grain/Pod Filling,36.6,27.9,7.19,100.9,60.2,183.8,30.2,68.8,0.0,10.5,19.3,0.0,0.0,4.9,2,0.792,7.34
F-008,2026-08-26,Corn,Dekalb DKC64-35,69,Grain/Pod Filling,30.7,25.6,7.23,100.5,60.1,183.7,27.3,75.7,0.0,9.4,26.1,0.0,0.0,4.8,2,0.748,7.12
F-008,2026-08-27,Corn,Dekalb DKC64-35,70,Grain/Pod Filling,45.3,19.9,7.35,100.1,60.0,183.5,21.8,89.5,0.3,20.1,28.4,19.6,0.0,4.0,3,0.78,7.3
F-008,2026-08-28,Corn,Dekalb DKC64-35,71,Grain/Pod Filling,39.8,26.0,7.23,99.7,59.9,183.4,29.2,46.3,0.0,4.1,23.6,0.0,0.0,4.3,3,0.783,7.55
F-008,2026-08-29,Corn,Dekalb DKC64-35,72,Grain/Pod Filling,34.5,22.2,7.26,99.3,59.8,183.2,23.9,63.0,0.0,15.2,15.8,0.0,0.0,5.4,3,0.757,7.89
F-008,2026-08-30,Corn,Dekalb DKC64-35,73,Grain/Pod Filling,50.4,23.6,7.21,98.9,59.7,183.1,24.1,45.5,0.0,10.9,27.2,23.2,0.0,6.0,2,0.78,6.86
F-008,2026-08-31,Corn,Dekalb DKC64-35,74,Grain/Pod Filling,85.0,19.4,7.28,98.5,59.6,182.9,21.1,70.9,58.7,14.4,8.0,0.0,0.0,6.6,3,0.8,6.98
F-008,2026-09-01,Corn,Dekalb DKC64-35,75,Maturity,77.8,23.1,7.3,98.1,59.5,182.8,26.5,72.6,1.5,14.1,18.7,0.0,0.0,5.8,2,0.763,7.31
F-009,2026-08-18,Cotton,PhytoGen PHY400,84,Maturity,47.7,24.4,6.48,94.5,37.4,195.3,26.3,64.0,0.0,16.8,24.4,0.0,0.0,4.9,17,0.787,2.16
F-009,2026-08-19,Cotton,PhytoGen PHY400,85,Maturity,63.0,29.4,6.54,94.1,37.3,195.2,32.2,94.1,27.4,6.0,9.0,0.0,0.0,4.5,17,0.781,2.14
F-009,2026-08-20,Cotton,PhytoGen PHY400,86,Maturity,56.9,23.7,6.45,93.7,37.2,195.0,25.8,69.9,0.0,2.0,23.2,0.0,0.0,4.1,17,0.776,2.11
F-009,2026-08-21,Cotton,PhytoGen PHY400,87,Maturity,51.7,19.0,6.49,93.3,37.1,194.9,20.5,51.7,0.0,15.4,28.6,0.0,0.0,3.3,19,0.792,2.05
F-009,2026-08-22,Cotton,PhytoGen PHY400,88,Maturity,55.2,20.8,6.56,92.9,37.0,194.7,21.7,77.9,14.1,14.1,13.4,0.0,0.0,3.8,18,0.793,2.1
F-009,2026-08-23,Cotton,PhytoGen PHY400,89,Maturity,52.2,26.1,6.51,92.5,36.9,194.6,28.4,82.1,0.0,8.7,14.2,0.0,0.0,3.6,18,0.752,2.23
F-009,2026-08-24,Cotton,PhytoGen PHY400,90,Maturity,43.8,23.8,6.51,92.1,36.8,194.4,24.6,64.8,0.0,11.3,23.6,0.0,0.0,3.7,18,0.783,2.16
F-009,2026-08-25,Cotton,PhytoGen PHY400,91,Maturity,37.0,21.7,6.43,91.7,36.7,194.3,24.5,73.2,0.0,7.5,19.3,0.0,0.0,4.0,16,0.751,2.21
F-009,2026-08-26,Cotton,PhytoGen PHY400,92,Maturity,47.2,28.4,6.44,91.3,36.6,194.1,31.1,62.9,0.0,19.7,17.5,20.1,0.0,4.5,14,0.728,2.05
F-009,2026-08-27,Cotton,PhytoGen PHY400,93,Maturity,40.8,22.6,6.58,90.9,36.5,194.0,25.0,63.8,0.0,18.9,19.6,0.0,0.0,5.1,12,0.789,2.28
F-009,2026-08-28,Cotton,PhytoGen PHY400,94,Maturity,36.9,21.1,6.56,90.5,36.4,193.8,22.6,51.7,0.0,8.8,24.1,0.0,0.0,5.4,15,0.758,2.11
F-009,2026-08-29,Cotton,PhytoGen PHY400,95,Maturity,59.9,23.7,6.56,90.1,36.3,193.7,26.1,58.2,0.0,17.5,18.6,34.2,0.0,5.9,12,0.775,2.2
F-009,2026-08-30,Cotton,PhytoGen PHY400,96,Maturity,52.0,23.5,6.5,89.7,36.2,193.5,26.2,67.7,0.0,17.7,24.4,0.0,0.0,6.1,14,0.778,2.15
F-009,2026-08-31,Cotton,PhytoGen PHY400,97,Maturity,50.8,19.9,6.49,89.3,36.1,193.4,20.3,63.3,3.8,18.9,21.3,0.0,0.0,5.9,14,0.774,2.11
F-009,2026-09-01,Cotton,PhytoGen PHY400,98,Maturity,45.8,23.3,6.47,88.9,36.0,193.2,25.4,67.8,0.0,20.1,21.4,0.0,0.0,6.3,13,0.771,2.19
F-010,2026-08-18,Cotton,Deltapine DP1646,56,Grain/Pod Filling,49.9,26.3,6.99,41.6,48.7,75.4,29.2,55.3,0.0,5.1,24.6,0.0,0.0,5.1,3,0.77,2.19
F-010,2026-08-19,Cotton,Deltapine DP1646,57,Grain/Pod Filling,42.7,23.8,7.04,41.2,48.6,75.2,25.1,64.8,0.0,13.0,18.6,0.0,0.0,5.4,2,0.802,2.38
F-010,2026-08-20,Cotton,Deltapine DP1646,58,Grain/Pod Filling,35.7,26.2,6.94,40.8,48.5,75.1,29.3,71.9,0.0,2.9,22.9,0.0,0.0,5.8,2,0.802,2.15
F-010,2026-08-21,Cotton,Deltapine DP1646,59,Grain/Pod Filling,28.9,25.9,6.89,40.4,48.4,74.9,28.5,61.3,0.0,9.9,13.6,0.0,0.0,6.3,2,0.753,1.93
F-010,2026-08-22,Cotton,Deltapine DP1646,60,Grain/Pod Filling,23.4,18.7,7.01,40.0,48.3,74.8,20.2,65.3,0.0,19.4,21.1,0.0,0.0,6.2,3,0.725,1.79
F-010,2026-08-23,Cotton,Deltapine DP1646,61,Grain/Pod Filling,18.4,21.3,6.92,39.6,48.2,74.6,23.0,98.0,0.7,19.6,19.1,0.0,0.0,7.0,6,0.695,1.57
F-010,2026-08-24,Cotton,Deltapine DP1646,62,Grain/Pod Filling,29.1,26.2,6.92,39.2,48.1,74.5,28.7,59.2,0.0,13.1,25.1,18.5,0.0,7.0,8,0.8,1.87
F-010,2026-08-25,Cotton,Deltapine DP1646,63,Grain/Pod Filling,41.7,22.0,6.89,38.8,48.0,74.3,24.7,75.9,0.0,7.7,23.4,21.7,0.0,7.3,4,0.77,2.13
F-010,2026-08-26,Cotton,Deltapine DP1646,64,Grain/Pod Filling,37.9,16.0,6.97,38.4,47.9,74.2,16.2,71.9,0.0,13.5,20.1,0.0,0.0,7.2,3,0.763,2.17
F-010,2026-08-27,Cotton,Deltapine DP1646,65,Grain/Pod Filling,58.6,22.8,6.9,100.5,66.5,86.5,22.6,56.1,0.0,12.9,23.5,30.2,62.5,7.2,2,0.805,2.28
F-010,2026-08-28,Cotton,Deltapine DP1646,66,Grain/Pod Filling,55.6,21.5,6.92,37.6,47.7,73.9,22.2,63.3,0.0,14.6,23.4,0.0,0.0,7.8,5,0.772,1.96
F-010,2026-08-29,Cotton,Deltapine DP1646,67,Grain/Pod Filling,47.6,20.7,6.99,37.2,47.6,73.7,22.1,70.7,0.0,16.3,21.9,0.0,0.0,8.4,2,0.765,1.93
F-010,2026-08-30,Cotton,Deltapine DP1646,68,Grain/Pod Filling,40.9,30.1,7.01,36.8,47.5,73.6,32.7,75.1,0.0,2.6,30.7,0.0,0.0,8.6,2,0.772,2.12
F-010,2026-08-31,Cotton,Deltapine DP1646,69,Grain/Pod Filling,38.5,17.0,6.97,36.4,47.4,73.4,17.7,54.9,0.0,10.4,22.3,0.0,0.0,8.7,2,0.738,2.0
F-010,2026-09-01,Cotton,Deltapine DP1646,70,Grain/Pod Filling,64.4,25.4,6.96,36.0,47.3,73.3,26.7,93.0,1.6,18.0,17.5,33.9,0.0,9.5,2,0.787,1.95
F-011,2026-08-18,Corn,Dekalb DKC64-35,72,Grain/Pod Filling,50.2,25.3,6.54,34.9,45.6,182.5,26.4,50.6,0.0,15.8,27.5,0.0,0.0,5.3,21,0.713,6.29
F-011,2026-08-19,Corn,Dekalb DKC64-35,73,Grain/Pod Filling,41.6,25.0,6.63,34.5,45.5,182.4,26.7,49.3,0.0,20.5,22.1,0.0,0.0,5.1,24,0.768,7.33
F-011,2026-08-20,Corn,Dekalb DKC64-35,74,Grain/Pod Filling,35.1,23.0,6.62,34.1,45.4,182.2,25.3,53.4,0.0,14.1,27.6,0.0,0.0,5.3,26,0.771,6.77
F-011,2026-08-21,Corn,Dekalb DKC64-35,75,Maturity,56.1,22.8,6.6,33.7,45.3,182.1,23.3,60.0,0.0,16.8,23.9,30.2,0.0,4.6,29,0.783,6.58
F-011,2026-08-22,Corn,Dekalb DKC64-35,76,Maturity,49.5,22.7,6.68,33.3,45.2,181.9,22.5,60.0,0.0,11.2,20.4,0.0,0.0,3.6,26,0.744,6.57
F-011,2026-08-23,Corn,Dekalb DKC64-35,77,Maturity,41.5,25.2,6.64,32.9,45.1,181.8,27.8,69.3,0.0,15.9,20.7,0.0,0.0,3.8,22,0.75,6.85
F-011,2026-08-24,Corn,Dekalb DKC64-35,78,Maturity,34.6,27.7,6.64,32.5,45.0,181.6,30.8,75.1,0.0,9.0,19.3,0.0,0.0,3.9,21,0.783,6.84
F-011,2026-08-25,Corn,Dekalb DKC64-35,79,Maturity,55.3,25.4,6.61,32.1,44.9,181.5,27.2,49.4,0.0,6.9,18.2,31.0,0.0,3.7,24,0.768,6.75
F-011,2026-08-26,Corn,Dekalb DKC64-35,80,Maturity,49.5,27.9,6.58,31.7,44.8,181.3,28.5,60.6,0.0,15.0,23.3,0.0,0.0,3.5,23,0.755,6.6
F-011,2026-08-27,Corn,Dekalb DKC64-35,81,Maturity,51.2,21.5,6.68,31.3,44.7,181.2,22.0,83.8,10.0,12.9,21.3,0.0,0.0,3.8,21,0.802,7.24
F-011,2026-08-28,Corn,Dekalb DKC64-35,82,Maturity,43.7,22.6,6.61,30.9,44.6,181.0,25.6,63.3,0.0,14.4,20.1,0.0,0.0,3.8,20,0.771,6.86
F-011,2026-08-29,Corn,Dekalb DKC64-35,83,Maturity,35.2,28.4,6.64,30.5,44.5,180.9,32.0,53.8,0.0,13.5,20.6,0.0,0.0,3.8,16,0.789,6.5
F-011,2026-08-30,Corn,Dekalb DKC64-35,84,Maturity,31.7,20.0,6.6,30.1,44.4,180.7,22.6,65.3,0.0,24.9,21.3,0.0,0.0,4.1,12,0.754,6.51
F-011,2026-08-31,Corn,Dekalb DKC64-35,85,Maturity,21.8,22.8,6.52,29.7,44.3,180.6,24.4,63.0,0.0,15.5,16.3,0.0,0.0,2.8,11,0.701,4.94
F-011,2026-09-01,Corn,Dekalb DKC64-35,86,Maturity,44.6,24.2,6.61,29.3,44.2,180.4,24.9,57.5,0.0,16.4,32.0,33.6,0.0,2.7,7,0.79,7.23
F-012,2026-08-18,Rice,Jupiter Medium,70,Grain/Pod Filling,46.2,28.3,5.92,80.6,59.5,84.3,29.5,53.2,0.0,18.2,26.2,0.0,0.0,5.4,14,0.786,5.98
F-012,2026-08-19,Rice,Jupiter Medium,71,Grain/Pod Filling,42.2,22.6,5.85,80.2,59.4,84.1,25.1,56.1,0.0,9.6,20.8,0.0,0.0,5.2,10,0.746,5.56
F-012,2026-08-20,Rice,Jupiter Medium,72,Grain/Pod Filling,38.2,28.6,5.83,79.8,59.3,84.0,31.3,78.3,0.0,20.6,22.2,0.0,0.0,5.0,11,0.773,5.42
F-012,2026-08-21,Rice,Jupiter Medium,73,Grain/Pod Filling,58.6,18.5,5.86,79.4,59.2,83.8,20.1,58.5,0.0,11.3,22.4,26.2,0.0,4.6,7,0.78,5.75
F-012,2026-08-22,Rice,Jupiter Medium,74,Grain/Pod Filling,51.9,27.2,5.91,79.0,59.1,83.7,29.8,65.8,0.0,10.0,16.4,0.0,0.0,4.1,6,0.743,5.92
F-012,2026-08-23,Rice,Jupiter Medium,75,Maturity,43.2,25.6,5.86,78.6,59.0,83.5,28.8,47.5,0.0,21.9,25.1,0.0,0.0,4.9,9,0.79,5.95
F-012,2026-08-24,Rice,Jupiter Medium,76,Maturity,43.7,22.8,5.89,78.2,58.9,83.4,24.5,61.5,5.9,15.7,21.4,0.0,0.0,5.5,12,0.779,6.28
F-012,2026-08-25,Rice,Jupiter Medium,77,Maturity,37.8,20.5,5.83,77.8,58.8,83.2,23.2,69.2,0.0,14.0,20.1,0.0,0.0,5.7,10,0.743,5.92
F-012,2026-08-26,Rice,Jupiter Medium,78,Maturity,51.0,21.5,5.8,77.4,58.7,83.1,24.4,54.0,0.0,13.8,16.4,23.9,0.0,5.7,10,0.782,5.55
F-012,2026-08-27,Rice,Jupiter Medium,79,Maturity,52.2,23.8,5.87,77.0,58.6,82.9,24.9,64.6,9.7,21.9,19.1,0.0,0.0,6.3,7,0.791,5.82
F-012,2026-08-28,Rice,Jupiter Medium,80,Maturity,47.1,20.4,5.92,76.6,58.5,82.8,21.4,53.9,0.0,17.7,17.0,0.0,0.0,6.5,6,0.774,5.57
F-012,2026-08-29,Rice,Jupiter Medium,81,Maturity,42.9,29.1,5.79,76.2,58.4,82.6,32.9,76.3,0.0,11.7,21.6,0.0,0.0,5.7,4,0.79,5.84
F-012,2026-08-30,Rice,Jupiter Medium,82,Maturity,35.5,27.8,5.87,75.8,58.3,82.5,30.0,59.5,0.0,13.8,19.3,0.0,0.0,5.5,2,0.826,6.21
F-012,2026-08-31,Rice,Jupiter Medium,83,Maturity,55.6,26.8,5.87,75.4,58.2,82.3,29.9,64.5,0.0,6.8,18.6,30.2,0.0,4.3,2,0.817,5.99
F-012,2026-09-01,Rice,Jupiter Medium,84,Maturity,50.3,26.8,5.92,75.0,58.1,82.2,29.3,86.1,0.0,8.2,21.6,0.0,0.0,3.8,4,0.773,5.71
F-013,2026-08-18,Rice,Jupiter Medium,69,Grain/Pod Filling,50.3,21.7,6.81,142.8,14.1,131.2,24.6,57.5,0.0,10.9,25.4,0.0,0.0,5.3,17,0.797,6.02
F-013,2026-08-19,Rice,Jupiter Medium,70,Grain/Pod Filling,45.1,23.0,6.81,142.4,14.0,131.0,26.5,58.8,0.0,15.6,18.2,0.0,0.0,5.5,18,0.734,5.7
F-013,2026-08-20,Rice,Jupiter Medium,71,Grain/Pod Filling,38.4,23.8,6.72,142.0,13.9,130.9,26.0,56.8,0.0,13.1,22.3,0.0,0.0,5.1,20,0.778,5.23
F-013,2026-08-21,Rice,Jupiter Medium,72,Grain/Pod Filling,57.6,16.9,6.81,141.6,13.8,130.7,20.3,80.3,10.5,10.5,18.5,15.7,0.0,4.9,16,0.746,5.59
F-013,2026-08-22,Rice,Jupiter Medium,73,Grain/Pod Filling,62.0,27.0,6.81,141.2,13.7,130.6,29.3,97.4,13.8,18.0,12.6,0.0,0.0,5.2,17,0.752,5.99
F-013,2026-08-23,Rice,Jupiter Medium,74,Grain/Pod Filling,56.4,25.4,6.8,140.8,13.6,130.4,27.5,53.8,0.0,12.4,24.2,0.0,0.0,4.9,13,0.747,6.06
F-013,2026-08-24,Rice,Jupiter Medium,75,Maturity,49.7,23.3,6.85,140.4,13.5,130.3,24.9,66.6,0.0,9.7,26.5,0.0,0.0,4.5,11,0.801,6.28
F-013,2026-08-25,Rice,Jupiter Medium,76,Maturity,43.8,25.0,6.76,140.0,13.4,130.1,26.5,63.9,0.0,17.2,22.7,0.0,0.0,4.8,7,0.786,5.96
F-013,2026-08-26,Rice,Jupiter Medium,77,Maturity,36.2,23.9,6.85,139.6,13.3,130.0,26.7,65.7,0.0,14.4,22.8,0.0,0.0,4.7,5,0.786,6.2
F-013,2026-08-27,Rice,Jupiter Medium,78,Maturity,51.4,24.0,6.8,139.2,13.2,129.8,24.9,55.0,0.0,13.7,20.9,23.3,0.0,4.3,6,0.814,6.03
F-013,2026-08-28,Rice,Jupiter Medium,79,Maturity,46.3,27.7,6.76,138.8,13.1,129.7,28.3,54.3,0.0,10.3,20.3,0.0,0.0,4.7,5,0.779,6.1
F-013,2026-08-29,Rice,Jupiter Medium,80,Maturity,41.9,23.3,6.75,138.4,13.0,129.5,26.5,66.1,0.0,12.4,22.9,0.0,0.0,4.8,5,0.773,6.14
F-013,2026-08-30,Rice,Jupiter Medium,81,Maturity,35.5,23.1,6.79,138.0,12.9,129.4,25.2,38.6,0.0,26.1,25.1,0.0,0.0,4.7,4,0.784,5.99
F-013,2026-08-31,Rice,Jupiter Medium,82,Maturity,67.4,27.0,6.77,137.6,12.8,129.2,28.5,76.3,23.3,10.4,9.6,22.4,0.0,4.6,7,0.758,6.13
F-013,2026-09-01,Rice,Jupiter Medium,83,Maturity,63.1,17.1,6.82,137.2,12.7,129.1,18.4,67.6,0.0,14.8,22.2,0.0,0.0,4.7,3,0.769,5.72
F-014,2026-08-18,Soybean,Asgrow AG36X6,73,Grain/Pod Filling,52.6,21.1,6.95,82.4,15.6,202.7,23.5,90.4,5.5,14.3,17.2,0.0,0.0,5.2,16,0.754,3.36
F-014,2026-08-19,Soybean,Asgrow AG36X6,74,Grain/Pod Filling,47.9,24.7,6.94,82.0,15.5,202.6,26.1,68.8,0.0,16.2,17.9,0.0,0.0,4.7,12,0.785,3.82
F-014,2026-08-20,Soybean,Asgrow AG36X6,75,Maturity,41.6,23.9,7.07,81.6,15.4,202.4,25.5,65.4,0.0,16.9,30.1,0.0,0.0,4.6,13,0.771,3.78
F-014,2026-08-21,Soybean,Asgrow AG36X6,76,Maturity,35.7,24.1,6.92,81.2,15.3,202.3,25.4,51.9,0.0,13.7,26.5,0.0,0.0,5.0,9,0.772,3.59
F-014,2026-08-22,Soybean,Asgrow AG36X6,77,Maturity,38.9,22.1,6.96,80.8,15.2,202.1,24.6,98.0,11.7,7.2,19.0,0.0,0.0,4.9,12,0.753,3.54
F-014,2026-08-23,Soybean,Asgrow AG36X6,78,Maturity,31.8,29.0,7.04,80.4,15.1,202.0,31.2,62.8,0.0,16.8,23.7,0.0,0.0,5.2,11,0.741,3.64
F-014,2026-08-24,Soybean,Asgrow AG36X6,79,Maturity,25.0,25.6,6.92,80.0,15.0,201.8,24.4,60.3,0.0,15.3,21.9,0.0,0.0,5.0,14,0.723,3.38
F-014,2026-08-25,Soybean,Asgrow AG36X6,80,Maturity,39.5,27.8,6.92,79.6,14.9,201.7,30.9,81.9,0.4,13.6,19.2,27.4,0.0,5.8,10,0.764,3.8
F-014,2026-08-26,Soybean,Asgrow AG36X6,81,Maturity,57.8,24.0,6.94,79.2,14.8,201.5,26.1,67.1,0.0,13.1,22.4,26.6,0.0,6.6,8,0.781,3.57
F-014,2026-08-27,Soybean,Asgrow AG36X6,82,Maturity,49.1,28.0,6.87,78.8,14.7,201.4,31.0,59.7,0.0,14.6,25.9,0.0,0.0,6.2,11,0.794,3.61
F-014,2026-08-28,Soybean,Asgrow AG36X6,83,Maturity,43.5,24.2,6.99,78.4,14.6,201.2,26.7,69.4,0.0,16.0,26.1,0.0,0.0,5.8,7,0.79,3.82
F-014,2026-08-29,Soybean,Asgrow AG36X6,84,Maturity,35.7,24.4,6.94,78.0,14.5,201.1,27.3,63.2,0.0,22.3,31.7,0.0,0.0,5.8,8,0.766,3.73
F-014,2026-08-30,Soybean,Asgrow AG36X6,85,Maturity,55.2,20.8,6.97,77.6,14.4,200.9,23.4,77.2,0.0,18.1,15.1,29.3,0.0,5.6,9,0.789,3.88
F-014,2026-08-31,Soybean,Asgrow AG36X6,86,Maturity,51.2,22.9,7.04,77.2,14.3,200.8,23.9,98.0,5.7,21.5,17.7,0.0,0.0,5.7,12,0.745,3.68
F-014,2026-09-01,Soybean,Asgrow AG36X6,87,Maturity,43.7,26.2,7.04,76.8,14.2,200.6,28.8,65.3,0.0,9.2,24.4,0.0,0.0,5.9,15,0.791,3.83
F-015,2026-08-18,Soybean,Brevant B281EE,36,Flowering,45.5,21.9,5.91,54.1,27.1,164.4,23.5,83.8,0.0,13.1,14.1,0.0,0.0,31.8,12,0.727,3.31
F-015,2026-08-19,Soybean,Brevant B281EE,37,Flowering,38.3,26.7,5.87,53.7,27.0,164.2,28.7,55.0,0.0,16.5,22.2,0.0,0.0,32.7,13,0.708,3.17
F-015,2026-08-20,Soybean,Brevant B281EE,38,Flowering,46.7,25.5,5.89,53.3,26.9,164.1,28.0,75.1,0.0,18.8,19.8,16.4,0.0,36.3,15,0.709,3.31
F-015,2026-08-21,Soybean,Brevant B281EE,39,Flowering,43.6,18.2,5.82,52.9,26.8,163.9,19.8,69.1,0.0,20.2,15.9,0.0,0.0,38.8,16,0.689,3.0
F-015,2026-08-22,Soybean,Brevant B281EE,40,Flowering,36.5,23.0,5.9,131.7,50.4,179.6,25.1,58.9,0.0,14.8,21.8,0.0,79.2,39.8,19,0.708,3.23
F-015,2026-08-23,Soybean,Brevant B281EE,41,Flowering,30.5,20.2,5.9,52.1,26.6,163.6,22.6,55.4,0.0,7.4,22.3,0.0,0.0,40.7,16,0.666,2.74
F-015,2026-08-24,Soybean,Brevant B281EE,42,Flowering,27.5,21.7,5.89,51.7,26.5,163.5,23.2,65.4,0.0,22.5,22.5,0.0,0.0,42.6,18,0.676,2.54
F-015,2026-08-25,Soybean,Brevant B281EE,43,Flowering,52.9,25.3,6.01,51.3,26.4,163.3,26.7,56.9,0.0,7.5,25.3,34.3,0.0,43.5,21,0.669,3.09
F-015,2026-08-26,Soybean,Brevant B281EE,44,Flowering,43.7,29.3,5.91,50.9,26.3,163.2,33.5,55.2,0.0,17.0,27.2,0.0,0.0,44.3,21,0.687,2.84
F-015,2026-08-27,Soybean,Brevant B281EE,45,Flowering,35.4,26.1,5.9,50.5,26.2,163.0,28.0,64.4,0.0,12.1,23.7,0.0,0.0,45.3,23,0.684,2.87
F-015,2026-08-28,Soybean,Brevant B281EE,46,Flowering,29.8,23.6,5.85,50.1,26.1,162.9,26.2,78.5,0.0,23.8,24.2,0.0,0.0,48.8,25,0.634,2.45
F-015,2026-08-29,Soybean,Brevant B281EE,47,Flowering,31.3,19.6,5.85,49.7,26.0,162.7,19.8,76.7,7.4,17.4,25.0,0.0,0.0,52.4,23,0.667,2.69
F-015,2026-08-30,Soybean,Brevant B281EE,48,Flowering,53.7,26.0,5.92,49.3,25.9,162.6,27.2,40.1,0.0,12.0,27.9,31.0,0.0,53.5,23,0.662,2.94
F-015,2026-08-31,Soybean,Brevant B281EE,49,Flowering,48.3,30.5,5.75,48.9,25.8,162.4,33.5,57.5,0.0,11.0,28.9,0.0,0.0,54.6,22,0.653,2.65
F-015,2026-09-01,Soybean,Brevant B281EE,50,Grain/Pod Filling,40.7,25.1,5.96,48.5,25.7,162.3,27.6,78.4,0.0,5.7,28.5,0.0,0.0,56.7,18,0.668,2.85
F-016,2026-08-18,Soybean,Asgrow AG36X6,66,Grain/Pod Filling,56.5,22.9,6.24,44.3,21.4,70.7,25.0,94.7,4.1,8.6,17.1,0.0,0.0,30.4,20,0.744,3.11
F-016,2026-08-19,Soybean,Asgrow AG36X6,67,Grain/Pod Filling,48.4,25.9,6.37,43.9,21.3,70.5,28.0,71.1,0.0,6.9,18.9,0.0,0.0,34.2,21,0.689,3.05
F-016,2026-08-20,Soybean,Asgrow AG36X6,68,Grain/Pod Filling,40.9,23.3,6.16,43.5,21.2,70.4,27.3,61.9,0.0,14.9,22.7,0.0,0.0,35.0,21,0.741,3.18
F-016,2026-08-21,Soybean,Asgrow AG36X6,69,Grain/Pod Filling,35.3,21.6,6.24,43.1,21.1,70.2,23.3,79.8,0.0,22.0,20.1,0.0,0.0,38.4,22,0.724,3.02
F-016,2026-08-22,Soybean,Asgrow AG36X6,70,Grain/Pod Filling,41.9,22.0,6.22,42.7,21.0,70.1,23.3,62.1,0.0,26.1,23.7,16.2,0.0,38.9,21,0.69,3.08
F-016,2026-08-23,Soybean,Asgrow AG36X6,71,Grain/Pod Filling,33.0,28.8,6.26,42.3,20.9,69.9,31.2,60.0,0.0,9.8,28.9,0.0,0.0,39.4,21,0.705,2.8
F-016,2026-08-24,Soybean,Asgrow AG36X6,72,Grain/Pod Filling,52.6,21.5,6.28,41.9,20.8,69.8,22.5,65.9,0.0,12.3,18.8,28.8,0.0,43.1,23,0.665,3.09
F-016,2026-08-25,Soybean,Asgrow AG36X6,73,Grain/Pod Filling,46.7,26.3,6.22,41.5,20.7,69.6,27.5,73.6,0.0,12.7,23.5,0.0,0.0,46.4,19,0.695,2.85
F-016,2026-08-26,Soybean,Asgrow AG36X6,74,Grain/Pod Filling,37.9,24.9,6.22,41.1,20.6,69.5,27.3,68.4,0.0,19.5,19.5,0.0,0.0,50.1,19,0.677,2.89
F-016,2026-08-27,Soybean,Asgrow AG36X6,75,Maturity,34.0,27.7,6.19,40.7,20.5,69.3,29.2,74.3,4.0,7.3,20.1,0.0,0.0,54.0,16,0.696,2.68
F-016,2026-08-28,Soybean,Asgrow AG36X6,76,Maturity,51.9,18.4,6.25,40.3,20.4,69.2,19.4,71.2,0.0,7.7,16.1,22.4,0.0,57.2,14,0.666,2.74
F-016,2026-08-29,Soybean,Asgrow AG36X6,77,Maturity,42.7,25.6,6.25,39.9,20.3,69.0,27.1,68.1,0.0,10.2,23.0,0.0,0.0,60.1,17,0.699,2.71
F-016,2026-08-30,Soybean,Asgrow AG36X6,78,Maturity,36.5,20.3,6.18,39.5,20.2,68.9,22.0,65.6,0.0,21.0,24.8,0.0,0.0,63.8,17,0.646,2.52
F-016,2026-08-31,Soybean,Asgrow AG36X6,79,Maturity,30.0,19.8,6.17,39.1,20.1,68.7,21.6,84.9,0.0,14.7,26.6,0.0,0.0,67.1,20,0.592,1.98
F-016,2026-09-01,Soybean,Asgrow AG36X6,80,Maturity,37.7,21.8,6.24,38.7,20.0,68.6,23.3,58.1,0.0,14.1,25.6,16.5,0.0,68.1,17,0.677,2.53
F-017,2026-08-18,Corn,NK Corn N78N,55,Grain/Pod Filling,63.8,24.6,6.8,125.3,25.8,141.1,26.6,90.0,18.0,13.2,20.0,0.0,0.0,5.4,5,0.775,7.57
F-017,2026-08-19,Corn,NK Corn N78N,56,Grain/Pod Filling,56.5,27.1,6.78,124.9,25.7,140.9,27.7,59.6,0.0,14.3,24.7,0.0,0.0,5.2,5,0.799,7.44
F-017,2026-08-20,Corn,NK Corn N78N,57,Grain/Pod Filling,48.1,24.7,6.84,124.5,25.6,140.8,26.8,61.2,0.0,26.2,17.3,0.0,0.0,4.7,3,0.787,6.81
F-017,2026-08-21,Corn,NK Corn N78N,58,Grain/Pod Filling,41.3,27.0,6.74,124.1,25.5,140.6,31.0,75.8,0.0,7.4,27.3,0.0,0.0,5.2,6,0.824,6.88
F-017,2026-08-22,Corn,NK Corn N78N,59,Grain/Pod Filling,35.8,22.2,6.81,123.7,25.4,140.5,23.7,63.3,0.0,18.4,26.7,0.0,0.0,4.7,9,0.796,7.11
F-017,2026-08-23,Corn,NK Corn N78N,60,Grain/Pod Filling,44.6,25.9,6.85,123.3,25.3,140.3,28.0,50.3,0.0,14.7,24.5,16.1,0.0,5.6,11,0.768,7.32
F-017,2026-08-24,Corn,NK Corn N78N,61,Grain/Pod Filling,39.1,23.9,6.92,122.9,25.2,140.2,26.6,60.1,0.0,14.5,19.0,0.0,0.0,5.9,7,0.792,7.13
F-017,2026-08-25,Corn,NK Corn N78N,62,Grain/Pod Filling,49.5,20.1,6.87,122.5,25.1,140.0,21.1,81.6,18.1,15.7,21.0,0.0,0.0,5.4,8,0.842,7.54
F-017,2026-08-26,Corn,NK Corn N78N,63,Grain/Pod Filling,55.8,22.3,6.76,122.1,25.0,139.9,24.6,95.4,16.2,15.0,12.2,0.0,0.0,5.5,5,0.788,7.7
F-017,2026-08-27,Corn,NK Corn N78N,64,Grain/Pod Filling,48.9,25.7,6.78,121.7,24.9,139.7,28.2,71.3,0.0,10.0,23.2,0.0,0.0,6.1,6,0.779,7.74
F-017,2026-08-28,Corn,NK Corn N78N,65,Grain/Pod Filling,43.5,16.9,6.79,188.9,45.0,153.1,18.9,52.5,0.0,12.4,24.6,0.0,67.6,6.8,3,0.78,7.45
F-017,2026-08-29,Corn,NK Corn N78N,66,Grain/Pod Filling,36.6,22.9,6.87,120.9,24.7,139.4,25.0,62.4,0.0,12.8,15.2,0.0,0.0,6.5,6,0.802,7.67
F-017,2026-08-30,Corn,NK Corn N78N,67,Grain/Pod Filling,52.3,20.7,6.78,120.5,24.6,139.3,21.3,55.0,0.0,18.3,28.0,24.6,0.0,7.0,9,0.748,7.18
F-017,2026-08-31,Corn,NK Corn N78N,68,Grain/Pod Filling,44.9,24.2,6.82,120.1,24.5,139.1,25.9,46.1,0.0,12.0,21.5,0.0,0.0,7.9,12,0.766,7.31
F-017,2026-09-01,Corn,NK Corn N78N,69,Grain/Pod Filling,37.6,17.2,6.8,119.7,24.4,139.0,19.2,90.9,1.6,21.6,22.8,0.0,0.0,8.9,8,0.708,7.01
F-018,2026-08-18,Wheat,SY Monument,78,Maturity,49.1,26.1,6.01,109.6,33.0,135.4,29.6,82.3,0.0,14.4,20.9,0.0,0.0,4.6,19,0.791,4.62
F-018,2026-08-19,Wheat,SY Monument,79,Maturity,61.0,19.5,6.06,109.2,32.9,135.2,19.8,77.8,21.0,15.9,12.9,0.0,0.0,4.8,15,0.762,4.76
F-018,2026-08-20,Wheat,SY Monument,80,Maturity,58.7,21.7,6.02,108.8,32.8,135.1,22.9,46.5,0.0,18.2,31.9,0.0,0.0,5.5,15,0.784,4.35
F-018,2026-08-21,Wheat,SY Monument,81,Maturity,58.9,26.0,6.03,108.4,32.7,134.9,27.7,91.9,7.4,10.4,18.0,0.0,0.0,5.5,15,0.777,4.03
F-018,2026-08-22,Wheat,SY Monument,82,Maturity,51.8,26.6,5.94,108.0,32.6,134.8,29.5,78.7,0.0,17.0,23.4,0.0,0.0,6.2,12,0.758,4.24
F-018,2026-08-23,Wheat,SY Monument,83,Maturity,40.0,31.8,5.98,107.6,32.5,134.6,34.4,67.2,0.0,16.5,32.0,0.0,0.0,7.1,13,0.757,4.18
F-018,2026-08-24,Wheat,SY Monument,84,Maturity,62.9,16.1,5.94,107.2,32.4,134.5,15.8,86.3,30.7,14.4,13.3,0.0,0.0,8.1,9,0.792,4.18
F-018,2026-08-25,Wheat,SY Monument,85,Maturity,54.7,25.3,6.06,106.8,32.3,134.3,28.6,66.1,0.0,14.5,27.2,0.0,0.0,8.4,7,0.756,4.23
F-018,2026-08-26,Wheat,SY Monument,86,Maturity,49.2,29.9,6.07,106.4,32.2,134.2,32.0,54.0,0.0,16.7,27.5,0.0,0.0,7.3,3,0.784,4.45
F-018,2026-08-27,Wheat,SY Monument,87,Maturity,42.5,22.0,6.04,106.0,32.1,134.0,23.9,62.7,0.0,9.9,17.0,0.0,0.0,6.8,2,0.775,4.53
F-018,2026-08-28,Wheat,SY Monument,88,Maturity,38.0,21.6,6.03,105.6,32.0,133.9,22.5,56.2,0.0,7.7,23.1,0.0,0.0,6.4,5,0.771,4.05
F-018,2026-08-29,Wheat,SY Monument,89,Maturity,30.5,25.2,6.0,105.2,31.9,133.7,28.2,53.8,0.0,18.7,21.1,0.0,0.0,6.7,7,0.759,4.18
F-018,2026-08-30,Wheat,SY Monument,90,Maturity,47.8,24.4,5.95,104.8,31.8,133.6,26.3,75.2,0.0,15.5,21.8,28.6,0.0,7.1,10,0.803,4.42
F-018,2026-08-31,Wheat,SY Monument,91,Maturity,41.9,24.6,6.03,104.4,31.7,133.4,25.0,72.2,0.0,16.7,22.8,0.0,0.0,7.7,12,0.758,4.22
F-018,2026-09-01,Wheat,SY Monument,92,Maturity,35.0,25.6,6.03,104.0,31.6,133.3,26.3,63.2,0.0,12.5,19.1,0.0,0.0,7.0,10,0.785,4.45
F-019,2026-08-18,Cotton,Stoneville ST4990,46,Flowering,52.3,15.2,6.87,100.8,20.6,89.0,16.3,76.4,0.7,11.9,29.3,0.0,0.0,4.3,15,0.785,2.15
F-019,2026-08-19,Cotton,Stoneville ST4990,47,Flowering,53.5,22.4,6.79,100.4,20.5,88.8,24.6,80.1,9.8,16.1,19.2,0.0,0.0,4.7,13,0.773,2.12
F-019,2026-08-20,Cotton,Stoneville ST4990,48,Flowering,46.9,25.7,6.8,100.0,20.4,88.7,27.7,69.6,0.0,4.7,20.4,0.0,0.0,4.9,9,0.794,2.08
F-019,2026-08-21,Cotton,Stoneville ST4990,49,Flowering,40.0,21.2,6.87,99.6,20.3,88.5,23.1,76.9,0.0,21.7,19.1,0.0,0.0,5.7,11,0.779,2.18
F-019,2026-08-22,Cotton,Stoneville ST4990,50,Grain/Pod Filling,30.8,25.9,6.97,99.2,20.2,88.4,28.5,44.5,0.0,16.0,23.7,0.0,0.0,5.3,7,0.797,2.07
F-019,2026-08-23,Cotton,Stoneville ST4990,51,Grain/Pod Filling,22.6,30.0,6.9,98.8,20.1,88.2,32.8,56.0,0.0,10.5,20.2,0.0,0.0,5.1,10,0.72,1.65
F-019,2026-08-24,Cotton,Stoneville ST4990,52,Grain/Pod Filling,18.3,22.4,6.87,98.4,20.0,88.1,26.0,49.2,0.0,15.1,24.8,0.0,0.0,4.8,7,0.693,1.74
F-019,2026-08-25,Cotton,Stoneville ST4990,53,Grain/Pod Filling,34.6,26.2,6.85,98.0,19.9,87.9,28.6,61.0,0.0,12.7,10.6,25.9,0.0,5.1,8,0.774,2.05
F-019,2026-08-26,Cotton,Stoneville ST4990,54,Grain/Pod Filling,28.8,28.4,6.74,97.6,19.8,87.8,31.3,58.1,0.0,19.2,24.3,0.0,0.0,4.8,6,0.789,1.93
F-019,2026-08-27,Cotton,Stoneville ST4990,55,Grain/Pod Filling,41.1,18.7,6.83,97.2,19.7,87.6,18.2,75.4,26.2,10.9,11.1,0.0,0.0,4.6,9,0.789,2.17
F-019,2026-08-28,Cotton,Stoneville ST4990,56,Grain/Pod Filling,45.9,19.0,6.88,96.8,19.6,87.5,20.1,82.8,13.0,8.3,18.2,0.0,0.0,4.4,12,0.776,2.14
F-019,2026-08-29,Cotton,Stoneville ST4990,57,Grain/Pod Filling,35.9,25.9,6.89,96.4,19.5,87.3,28.4,54.0,0.0,9.9,25.8,0.0,0.0,5.6,15,0.8,2.08
F-019,2026-08-30,Cotton,Stoneville ST4990,58,Grain/Pod Filling,47.3,22.9,6.81,96.0,19.4,87.2,23.8,65.7,0.0,16.2,23.9,19.5,0.0,5.1,15,0.746,2.18
F-019,2026-08-31,Cotton,Stoneville ST4990,59,Grain/Pod Filling,44.6,21.5,6.87,95.6,19.3,87.0,21.7,73.4,0.0,15.8,21.5,0.0,0.0,5.4,15,0.811,2.19
F-019,2026-09-01,Cotton,Stoneville ST4990,60,Grain/Pod Filling,41.8,20.5,6.82,95.2,19.2,86.9,20.9,89.6,3.7,8.2,13.5,0.0,0.0,5.5,14,0.74,2.18
F-020,2026-08-18,Rice,Diamond Long-Grain,78,Maturity,52.2,24.5,6.43,59.3,18.3,75.0,25.6,86.4,0.6,8.4,23.6,0.0,0.0,5.1,15,0.716,5.93
F-020,2026-08-19,Rice,Diamond Long-Grain,79,Maturity,43.3,22.9,6.34,58.9,18.2,74.8,24.6,72.1,0.0,7.4,29.1,0.0,0.0,4.7,11,0.824,5.5
F-020,2026-08-20,Rice,Diamond Long-Grain,80,Maturity,47.0,19.6,6.31,58.5,18.1,74.7,21.7,78.4,11.1,12.0,10.9,0.0,0.0,4.3,14,0.713,6.18
F-020,2026-08-21,Rice,Diamond Long-Grain,81,Maturity,42.5,21.8,6.4,58.1,18.0,74.5,23.3,73.3,0.0,11.7,25.6,0.0,0.0,5.1,11,0.792,6.01
F-020,2026-08-22,Rice,Diamond Long-Grain,82,Maturity,36.7,20.1,6.23,57.7,17.9,74.4,21.6,52.5,0.0,17.8,20.6,0.0,0.0,4.8,14,0.783,5.66
F-020,2026-08-23,Rice,Diamond Long-Grain,83,Maturity,48.5,23.1,6.28,57.3,17.8,74.2,25.3,70.3,0.0,8.6,29.6,18.5,0.0,4.2,15,0.802,5.88
F-020,2026-08-24,Rice,Diamond Long-Grain,84,Maturity,42.2,25.2,6.25,56.9,17.7,74.1,27.1,64.4,0.0,13.0,23.5,0.0,0.0,4.3,15,0.774,5.92
F-020,2026-08-25,Rice,Diamond Long-Grain,85,Maturity,35.0,26.0,6.33,56.5,17.6,73.9,28.1,68.0,0.0,19.9,26.6,0.0,0.0,4.4,18,0.769,5.72
F-020,2026-08-26,Rice,Diamond Long-Grain,86,Maturity,64.7,22.4,6.41,56.1,17.5,73.8,24.9,83.4,13.8,8.7,16.1,32.9,0.0,3.7,19,0.792,6.3
F-020,2026-08-27,Rice,Diamond Long-Grain,87,Maturity,57.3,26.5,6.28,55.7,17.4,73.6,30.1,66.3,0.0,17.0,32.0,0.0,0.0,3.3,20,0.763,5.42
F-020,2026-08-28,Rice,Diamond Long-Grain,88,Maturity,53.7,22.7,6.29,55.3,17.3,73.5,22.8,84.3,0.8,15.6,21.3,0.0,0.0,3.2,16,0.738,5.53
F-020,2026-08-29,Rice,Diamond Long-Grain,89,Maturity,60.3,19.2,6.37,54.9,17.2,73.3,19.0,96.4,12.0,15.1,13.1,0.0,0.0,3.7,12,0.774,5.34
F-020,2026-08-30,Rice,Diamond Long-Grain,90,Maturity,53.8,27.3,6.29,54.5,17.1,73.2,29.8,57.5,0.0,19.2,19.5,0.0,0.0,3.8,9,0.753,5.9
F-020,2026-08-31,Rice,Diamond Long-Grain,91,Maturity,45.4,24.7,6.25,54.1,17.0,73.0,26.9,98.0,0.7,15.0,18.1,0.0,0.0,4.0,6,0.794,6.01
F-020,2026-09-01,Rice,Diamond Long-Grain,92,Maturity,38.9,25.2,6.33,53.7,16.9,72.9,26.6,80.7,0.0,6.0,17.6,0.0,0.0,4.5,5,0.801,5.97
F-021,2026-08-18,Rice,Titan Hybrid,81,Maturity,46.6,20.8,7.3,125.9,27.1,202.8,22.6,50.5,0.0,10.7,26.2,0.0,0.0,5.5,11,0.774,5.81
F-021,2026-08-19,Rice,Titan Hybrid,82,Maturity,38.1,23.4,7.25,125.5,27.0,202.7,26.1,44.4,0.0,10.6,14.8,0.0,0.0,5.1,10,0.819,5.98
F-021,2026-08-20,Rice,Titan Hybrid,83,Maturity,47.9,26.0,7.32,125.1,26.9,202.5,28.5,79.2,2.6,11.2,17.9,17.2,0.0,5.5,9,0.758,5.81
F-021,2026-08-21,Rice,Titan Hybrid,84,Maturity,42.4,27.7,7.38,124.7,26.8,202.4,28.4,65.8,0.0,10.6,22.9,0.0,0.0,6.0,6,0.771,6.05
F-021,2026-08-22,Rice,Titan Hybrid,85,Maturity,59.9,18.6,7.36,124.3,26.7,202.2,19.2,87.9,25.3,19.3,12.5,0.0,0.0,5.3,8,0.806,6.14
F-021,2026-08-23,Rice,Titan Hybrid,86,Maturity,54.0,22.0,7.42,123.9,26.6,202.1,23.1,76.0,0.0,16.2,22.8,0.0,0.0,5.5,10,0.728,5.66
F-021,2026-08-24,Rice,Titan Hybrid,87,Maturity,49.5,23.6,7.35,123.5,26.5,201.9,25.9,81.4,3.1,4.3,24.2,0.0,0.0,5.5,9,0.783,5.81
F-021,2026-08-25,Rice,Titan Hybrid,88,Maturity,61.4,22.0,7.28,123.1,26.4,201.8,25.8,82.1,20.6,6.8,15.1,0.0,0.0,6.1,10,0.767,5.85
F-021,2026-08-26,Rice,Titan Hybrid,89,Maturity,55.7,23.9,7.33,122.7,26.3,201.6,25.6,66.2,0.0,13.9,20.7,0.0,0.0,6.4,10,0.746,6.22
F-021,2026-08-27,Rice,Titan Hybrid,90,Maturity,51.7,22.0,7.39,122.3,26.2,201.5,23.8,72.8,2.7,12.9,18.8,0.0,0.0,6.5,8,0.729,5.69
F-021,2026-08-28,Rice,Titan Hybrid,91,Maturity,45.6,20.1,7.34,121.9,26.1,201.3,22.6,71.1,0.3,19.3,32.0,0.0,0.0,6.4,10,0.781,6.14
F-021,2026-08-29,Rice,Titan Hybrid,92,Maturity,39.4,22.8,7.41,121.5,26.0,201.2,23.5,80.5,1.6,12.9,21.6,0.0,0.0,6.0,8,0.754,5.54
F-021,2026-08-30,Rice,Titan Hybrid,93,Maturity,57.9,23.9,7.31,121.1,25.9,201.0,25.1,60.0,0.0,19.7,19.1,28.1,0.0,6.0,4,0.815,6.17
F-021,2026-08-31,Rice,Titan Hybrid,94,Maturity,71.7,18.4,7.31,120.7,25.8,200.9,17.4,81.7,19.2,12.9,16.4,0.0,0.0,6.4,6,0.78,6.08
F-021,2026-09-01,Rice,Titan Hybrid,95,Maturity,64.3,27.0,7.39,120.3,25.7,200.7,29.5,69.2,0.0,14.6,22.2,0.0,0.0,7.3,2,0.79,5.84
F-022,2026-08-18,Soybean,Brevant B281EE,39,Flowering,27.1,21.7,6.32,129.5,34.7,142.4,24.1,68.1,0.0,17.9,26.1,0.0,0.0,4.7,18,0.743,3.51
F-022,2026-08-19,Soybean,Brevant B281EE,40,Flowering,22.1,22.8,6.18,187.0,52.0,153.9,24.0,53.3,0.0,2.0,19.9,0.0,57.9,5.6,14,0.701,3.06
F-022,2026-08-20,Soybean,Brevant B281EE,41,Flowering,26.1,19.2,6.36,128.7,34.5,142.1,20.5,83.2,14.4,5.7,21.0,0.0,0.0,4.9,17,0.73,3.2
F-022,2026-08-21,Soybean,Brevant B281EE,42,Flowering,16.0,22.4,6.2,128.3,34.4,142.0,24.6,58.9,0.0,15.7,32.0,0.0,0.0,4.9,18,0.691,3.01
F-022,2026-08-22,Soybean,Brevant B281EE,43,Flowering,9.5,24.6,6.28,127.9,34.3,141.8,26.4,56.1,0.0,12.4,16.6,0.0,0.0,4.4,15,0.674,2.48
F-022,2026-08-23,Soybean,Brevant B281EE,44,Flowering,8.0,24.2,6.34,127.5,34.2,141.7,25.0,78.1,0.0,14.7,25.3,0.0,0.0,4.0,14,0.66,2.53
F-022,2026-08-24,Soybean,Brevant B281EE,45,Flowering,8.0,19.5,6.16,127.1,34.1,141.5,21.2,58.1,0.0,14.7,24.2,0.0,0.0,4.4,11,0.691,2.63
F-022,2026-08-25,Soybean,Brevant B281EE,46,Flowering,8.0,27.8,6.17,126.7,34.0,141.4,30.7,76.8,0.0,25.5,16.1,0.0,0.0,5.0,11,0.663,2.56
F-022,2026-08-26,Soybean,Brevant B281EE,47,Flowering,8.0,27.3,6.24,126.3,33.9,141.2,29.8,46.9,0.0,8.7,22.1,0.0,0.0,5.2,13,0.673,2.53
F-022,2026-08-27,Soybean,Brevant B281EE,48,Flowering,8.0,22.7,6.2,125.9,33.8,141.1,25.4,69.0,0.0,17.8,26.2,0.0,0.0,5.4,9,0.711,2.61
F-022,2026-08-28,Soybean,Brevant B281EE,49,Flowering,8.0,28.3,6.24,125.5,33.7,140.9,30.8,61.3,0.0,11.7,17.0,0.0,0.0,5.4,10,0.667,2.59
F-022,2026-08-29,Soybean,Brevant B281EE,50,Grain/Pod Filling,8.0,28.2,6.28,125.1,33.6,140.8,30.7,58.1,0.0,12.3,23.5,0.0,0.0,5.6,8,0.676,2.54
F-022,2026-08-30,Soybean,Brevant B281EE,51,Grain/Pod Filling,8.0,22.7,6.19,124.7,33.5,140.6,23.9,66.8,0.0,10.2,25.1,0.0,0.0,5.8,7,0.682,2.51
F-022,2026-08-31,Soybean,Brevant B281EE,52,Grain/Pod Filling,8.0,24.4,6.25,124.3,33.4,140.5,26.5,68.6,0.0,25.1,22.0,0.0,0.0,5.8,4,0.676,2.39
F-022,2026-09-01,Soybean,Brevant B281EE,53,Grain/Pod Filling,8.0,22.2,6.33,123.9,33.3,140.3,24.0,61.1,0.0,17.5,19.0,0.0,0.0,6.4,2,0.707,2.61
F-023,2026-08-18,Cotton,Stoneville ST4990,58,Grain/Pod Filling,48.1,27.6,5.99,135.5,41.6,89.7,30.5,63.5,0.0,11.0,23.3,0.0,0.0,5.5,14,0.759,2.24
F-023,2026-08-19,Cotton,Stoneville ST4990,59,Grain/Pod Filling,41.6,27.6,6.03,135.1,41.5,89.5,29.1,59.9,0.0,13.0,20.5,0.0,0.0,6.0,14,0.803,2.06
F-023,2026-08-20,Cotton,Stoneville ST4990,60,Grain/Pod Filling,42.2,17.5,6.04,134.7,41.4,89.4,19.4,82.0,9.4,13.7,19.1,0.0,0.0,5.3,11,0.776,2.14
F-023,2026-08-21,Cotton,Stoneville ST4990,61,Grain/Pod Filling,37.5,24.1,6.05,134.3,41.3,89.2,25.5,58.9,0.0,2.0,22.4,0.0,0.0,4.1,12,0.762,2.19
F-023,2026-08-22,Cotton,Stoneville ST4990,62,Grain/Pod Filling,52.3,19.6,6.13,133.9,41.2,89.1,22.5,83.3,0.0,18.3,18.7,21.4,0.0,4.0,15,0.799,2.29
F-023,2026-08-23,Cotton,Stoneville ST4990,63,Grain/Pod Filling,45.0,24.2,6.08,133.5,41.1,88.9,25.8,66.3,0.0,9.3,25.3,0.0,0.0,4.5,11,0.798,2.06
F-023,2026-08-24,Cotton,Stoneville ST4990,64,Grain/Pod Filling,41.6,21.3,6.06,133.1,41.0,88.8,22.5,63.2,0.0,7.8,16.0,0.0,0.0,4.9,7,0.789,2.22
F-023,2026-08-25,Cotton,Stoneville ST4990,65,Grain/Pod Filling,34.2,23.2,6.07,209.7,64.0,104.0,24.7,56.6,0.0,18.7,21.6,0.0,77.0,5.3,3,0.794,2.13
F-023,2026-08-26,Cotton,Stoneville ST4990,66,Grain/Pod Filling,25.9,25.0,6.08,132.3,40.8,88.5,27.1,64.9,0.0,15.2,15.5,0.0,0.0,6.0,2,0.756,1.94
F-023,2026-08-27,Cotton,Stoneville ST4990,67,Grain/Pod Filling,20.6,18.1,6.05,131.9,40.7,88.3,19.1,82.1,3.0,7.6,17.2,0.0,0.0,6.3,2,0.744,1.78
F-023,2026-08-28,Cotton,Stoneville ST4990,68,Grain/Pod Filling,45.5,17.4,6.04,131.5,40.6,88.2,19.4,73.3,18.3,15.6,11.1,16.4,0.0,7.0,2,0.782,2.1
F-023,2026-08-29,Cotton,Stoneville ST4990,69,Grain/Pod Filling,38.6,24.2,5.99,131.1,40.5,88.0,27.5,57.1,0.0,2.0,20.6,0.0,0.0,7.0,2,0.834,2.2
F-023,2026-08-30,Cotton,Stoneville ST4990,70,Grain/Pod Filling,62.2,19.7,6.04,130.7,40.4,87.9,21.7,66.6,0.0,11.4,18.4,30.9,0.0,7.7,3,0.777,2.14
F-023,2026-08-31,Cotton,Stoneville ST4990,71,Grain/Pod Filling,56.7,27.1,6.04,130.3,40.3,87.7,28.3,58.2,0.0,9.9,25.6,0.0,0.0,7.7,2,0.82,2.22
F-023,2026-09-01,Cotton,Stoneville ST4990,72,Grain/Pod Filling,49.5,25.6,6.1,129.9,40.2,87.6,27.2,70.2,1.9,15.4,24.7,0.0,0.0,7.1,5,0.785,2.06
F-024,2026-08-18,Rice,Diamond Long-Grain,81,Maturity,45.6,26.6,6.23,73.0,60.3,156.5,29.2,81.1,0.0,14.8,21.5,0.0,0.0,3.9,10,0.772,6.04
F-024,2026-08-19,Rice,Diamond Long-Grain,82,Maturity,49.1,19.1,6.22,72.6,60.2,156.4,19.1,96.5,11.3,11.0,11.9,0.0,0.0,3.7,10,0.776,5.98
F-024,2026-08-20,Rice,Diamond Long-Grain,83,Maturity,44.0,23.6,6.31,72.2,60.1,156.2,23.9,57.2,0.0,12.4,28.6,0.0,0.0,3.6,10,0.752,5.53
F-024,2026-08-21,Rice,Diamond Long-Grain,84,Maturity,36.8,22.8,6.16,71.8,60.0,156.1,24.4,60.7,0.0,8.5,16.1,0.0,0.0,4.1,7,0.838,6.23
F-024,2026-08-22,Rice,Diamond Long-Grain,85,Maturity,54.8,24.5,6.23,71.4,59.9,155.9,26.4,64.9,0.0,4.1,29.8,27.5,0.0,3.9,3,0.798,5.96
F-024,2026-08-23,Rice,Diamond Long-Grain,86,Maturity,49.5,27.0,6.16,71.0,59.8,155.8,28.4,70.8,0.0,19.8,21.1,0.0,0.0,3.7,3,0.756,6.06
F-024,2026-08-24,Rice,Diamond Long-Grain,87,Maturity,41.6,22.2,6.15,70.6,59.7,155.6,23.2,81.4,0.8,22.1,27.1,0.0,0.0,4.8,2,0.775,6.15
F-024,2026-08-25,Rice,Diamond Long-Grain,88,Maturity,35.0,20.3,6.26,70.2,59.6,155.5,21.0,67.2,0.0,13.4,28.7,0.0,0.0,3.5,2,0.792,6.11
F-024,2026-08-26,Rice,Diamond Long-Grain,89,Maturity,41.8,28.3,6.22,69.8,59.5,155.3,29.5,66.4,0.0,24.4,16.5,17.8,0.0,3.8,3,0.798,5.85
F-024,2026-08-27,Rice,Diamond Long-Grain,90,Maturity,37.5,17.5,6.12,69.4,59.4,155.2,19.5,73.6,0.0,12.3,18.9,0.0,0.0,4.4,2,0.794,6.05
F-024,2026-08-28,Rice,Diamond Long-Grain,91,Maturity,31.8,25.8,6.09,69.0,59.3,155.0,27.4,78.7,0.0,8.5,24.2,0.0,0.0,4.5,5,0.736,5.38
F-024,2026-08-29,Rice,Diamond Long-Grain,92,Maturity,38.4,26.4,6.24,68.6,59.2,154.9,27.4,73.8,0.0,14.2,25.1,16.1,0.0,4.7,6,0.783,5.97
F-024,2026-08-30,Rice,Diamond Long-Grain,93,Maturity,56.2,23.4,6.19,68.2,59.1,154.7,26.5,86.8,1.6,18.4,18.0,24.7,0.0,3.9,5,0.774,6.29
F-024,2026-08-31,Rice,Diamond Long-Grain,94,Maturity,57.1,19.4,6.23,67.8,59.0,154.6,21.2,90.1,6.9,10.2,27.0,0.0,0.0,3.0,2,0.762,5.72
F-024,2026-09-01,Rice,Diamond Long-Grain,95,Maturity,50.4,27.5,6.21,67.4,58.9,154.4,27.8,60.9,0.0,18.1,19.6,0.0,0.0,3.6,2,0.767,6.1
F-025,2026-08-18,Corn,NK Corn N78N,44,Flowering,21.3,24.1,7.03,129.9,38.4,190.3,26.6,64.6,0.0,11.8,27.3,0.0,0.0,4.4,19,0.716,6.53
F-025,2026-08-19,Corn,NK Corn N78N,45,Flowering,15.8,25.9,7.07,129.5,38.3,190.1,28.4,59.8,0.0,13.6,28.7,0.0,0.0,3.8,19,0.674,5.68
F-025,2026-08-20,Corn,NK Corn N78N,46,Flowering,8.6,24.6,7.0,129.1,38.2,190.0,26.7,75.6,0.0,14.7,14.7,0.0,0.0,4.2,20,0.698,5.12
F-025,2026-08-21,Corn,NK Corn N78N,47,Flowering,8.0,20.9,7.03,128.7,38.1,189.8,22.0,73.7,0.0,13.8,15.5,0.0,0.0,4.7,18,0.656,4.48
F-025,2026-08-22,Corn,NK Corn N78N,48,Flowering,8.0,25.2,7.1,128.3,38.0,189.7,26.8,69.0,0.0,16.1,25.1,0.0,0.0,5.1,20,0.691,4.64
F-025,2026-08-23,Corn,NK Corn N78N,49,Flowering,8.0,22.6,7.07,127.9,37.9,189.5,25.2,72.5,0.0,15.4,20.4,0.0,0.0,5.5,22,0.682,5.03
F-025,2026-08-24,Corn,NK Corn N78N,50,Grain/Pod Filling,8.0,20.1,7.03,127.5,37.8,189.4,21.7,59.6,0.0,5.9,20.7,0.0,0.0,5.4,22,0.653,4.88
F-025,2026-08-25,Corn,NK Corn N78N,51,Grain/Pod Filling,8.0,27.0,7.13,127.1,37.7,189.2,28.1,81.4,7.1,14.2,19.5,0.0,0.0,5.5,23,0.641,4.74
F-025,2026-08-26,Corn,NK Corn N78N,52,Grain/Pod Filling,8.0,24.1,7.04,126.7,37.6,189.1,25.2,51.7,0.0,23.7,17.7,0.0,0.0,4.8,23,0.672,4.69
F-025,2026-08-27,Corn,NK Corn N78N,53,Grain/Pod Filling,8.0,23.4,7.12,126.3,37.5,188.9,23.8,55.2,0.0,8.6,27.4,0.0,0.0,4.8,22,0.665,4.8
F-025,2026-08-28,Corn,NK Corn N78N,54,Grain/Pod Filling,8.0,25.2,7.04,125.9,37.4,188.8,27.6,71.6,0.0,7.6,25.5,0.0,0.0,6.1,24,0.688,5.05
F-025,2026-08-29,Corn,NK Corn N78N,55,Grain/Pod Filling,8.0,18.3,7.03,125.5,37.3,188.6,19.4,60.5,0.0,8.8,22.5,0.0,0.0,6.9,25,0.673,4.63
F-025,2026-08-30,Corn,NK Corn N78N,56,Grain/Pod Filling,8.0,17.4,7.07,125.1,37.2,188.5,20.6,70.4,0.0,15.5,20.6,0.0,0.0,7.0,28,0.651,4.68
F-025,2026-08-31,Corn,NK Corn N78N,57,Grain/Pod Filling,8.0,26.2,7.07,124.7,37.1,188.3,27.7,78.4,0.0,15.8,15.9,0.0,0.0,7.2,29,0.647,4.65
F-025,2026-09-01,Corn,NK Corn N78N,58,Grain/Pod Filling,8.0,26.6,7.04,124.3,37.0,188.2,28.2,68.8,0.0,11.3,25.7,0.0,0.0,5.9,29,0.643,4.44
F-026,2026-08-18,Cotton,Stoneville ST4990,48,Flowering,48.2,24.4,6.59,60.4,23.5,112.7,25.1,51.7,0.0,13.7,29.3,0.0,0.0,5.1,21,0.759,2.11
F-026,2026-08-19,Cotton,Stoneville ST4990,49,Flowering,41.5,24.2,6.44,60.0,23.4,112.6,28.4,63.7,0.0,16.6,15.0,0.0,0.0,4.7,22,0.794,2.29
F-026,2026-08-20,Cotton,Stoneville ST4990,50,Grain/Pod Filling,36.3,22.5,6.47,59.6,23.3,112.4,24.3,76.0,0.0,6.2,22.0,0.0,0.0,3.8,21,0.764,2.19
F-026,2026-08-21,Cotton,Stoneville ST4990,51,Grain/Pod Filling,27.9,22.8,6.51,59.2,23.2,112.3,27.1,63.7,0.0,17.4,28.6,0.0,0.0,2.7,17,0.759,1.89
F-026,2026-08-22,Cotton,Stoneville ST4990,52,Grain/Pod Filling,52.9,22.3,6.57,58.8,23.1,112.1,22.1,62.4,0.0,11.3,21.4,33.2,0.0,2.6,19,0.776,2.13
F-026,2026-08-23,Cotton,Stoneville ST4990,53,Grain/Pod Filling,46.6,21.3,6.53,58.4,23.0,112.0,23.2,71.9,0.0,13.6,21.4,0.0,0.0,2.3,16,0.805,2.07
F-026,2026-08-24,Cotton,Stoneville ST4990,54,Grain/Pod Filling,41.0,20.0,6.58,58.0,22.9,111.8,22.0,56.5,0.0,4.4,27.8,0.0,0.0,2.0,15,0.799,2.25
F-026,2026-08-25,Cotton,Stoneville ST4990,55,Grain/Pod Filling,39.4,19.3,6.64,57.6,22.8,111.7,20.1,92.8,2.5,14.3,15.6,0.0,0.0,2.7,11,0.805,2.13
F-026,2026-08-26,Cotton,Stoneville ST4990,56,Grain/Pod Filling,62.8,26.5,6.54,57.2,22.7,111.5,28.2,57.4,0.0,12.8,26.0,34.3,0.0,3.0,10,0.778,2.14
F-026,2026-08-27,Cotton,Stoneville ST4990,57,Grain/Pod Filling,57.2,23.0,6.52,56.8,22.6,111.4,24.8,61.5,0.0,12.5,20.3,0.0,0.0,2.7,12,0.742,2.23
F-026,2026-08-28,Cotton,Stoneville ST4990,58,Grain/Pod Filling,51.7,20.9,6.61,56.4,22.5,111.2,22.6,64.3,0.0,15.8,23.2,0.0,0.0,3.1,14,0.758,2.01
F-026,2026-08-29,Cotton,Stoneville ST4990,59,Grain/Pod Filling,44.9,23.1,6.53,56.0,22.4,111.1,25.1,65.0,0.0,22.0,18.4,0.0,0.0,3.8,17,0.767,2.15
F-026,2026-08-30,Cotton,Stoneville ST4990,60,Grain/Pod Filling,42.4,17.3,6.56,55.6,22.3,110.9,19.1,93.1,4.1,24.9,17.4,0.0,0.0,4.6,15,0.761,2.16
F-026,2026-08-31,Cotton,Stoneville ST4990,61,Grain/Pod Filling,36.4,19.9,6.62,55.2,22.2,110.8,21.0,43.9,0.0,9.6,27.4,0.0,0.0,3.8,15,0.78,2.13
F-026,2026-09-01,Cotton,Stoneville ST4990,62,Grain/Pod Filling,56.6,21.2,6.57,54.8,22.1,110.6,22.3,61.0,0.0,13.2,21.9,28.9,0.0,3.4,17,0.797,2.11
F-027,2026-08-18,Cotton,Deltapine DP1646,80,Maturity,49.5,25.7,6.89,146.4,23.3,157.3,27.5,80.6,0.0,3.7,20.7,0.0,0.0,5.1,10,0.815,2.09
F-027,2026-08-19,Cotton,Deltapine DP1646,81,Maturity,41.8,24.3,6.94,146.0,23.2,157.2,25.8,46.9,0.0,11.7,23.4,0.0,0.0,5.1,9,0.768,2.18
F-027,2026-08-20,Cotton,Deltapine DP1646,82,Maturity,36.7,25.5,6.88,145.6,23.1,157.0,26.8,61.8,0.0,11.9,23.1,0.0,0.0,5.3,9,0.765,2.07
F-027,2026-08-21,Cotton,Deltapine DP1646,83,Maturity,27.1,24.5,7.01,145.2,23.0,156.9,28.6,65.0,0.0,19.6,20.1,0.0,0.0,5.1,10,0.744,2.0
F-027,2026-08-22,Cotton,Deltapine DP1646,84,Maturity,35.2,24.6,6.91,144.8,22.9,156.7,27.0,57.2,0.0,16.1,26.4,17.2,0.0,4.8,11,0.803,2.11
F-027,2026-08-23,Cotton,Deltapine DP1646,85,Maturity,50.5,26.1,6.93,144.4,22.8,156.6,27.7,92.7,0.0,15.3,21.1,24.3,0.0,5.1,9,0.807,2.11
F-027,2026-08-24,Cotton,Deltapine DP1646,86,Maturity,55.3,25.8,6.9,144.0,22.7,156.4,27.7,98.0,12.6,11.3,16.7,0.0,0.0,4.8,8,0.806,2.17
F-027,2026-08-25,Cotton,Deltapine DP1646,87,Maturity,47.4,26.7,6.95,143.6,22.6,156.3,30.0,58.1,0.0,6.4,24.6,0.0,0.0,5.1,5,0.799,2.11
F-027,2026-08-26,Cotton,Deltapine DP1646,88,Maturity,38.9,22.3,7.05,143.2,22.5,156.1,23.3,61.3,0.0,14.5,20.1,0.0,0.0,4.0,5,0.795,2.27
F-027,2026-08-27,Cotton,Deltapine DP1646,89,Maturity,31.2,24.7,6.81,142.8,22.4,156.0,26.1,57.7,0.0,3.9,17.2,0.0,0.0,5.2,2,0.779,2.14
F-027,2026-08-28,Cotton,Deltapine DP1646,90,Maturity,40.8,24.7,6.82,142.4,22.3,155.8,26.7,61.8,0.0,11.5,20.0,16.1,0.0,5.4,5,0.764,2.25
F-027,2026-08-29,Cotton,Deltapine DP1646,91,Maturity,35.7,25.8,6.93,142.0,22.2,155.7,27.2,48.7,0.0,12.0,25.9,0.0,0.0,5.5,2,0.8,2.09
F-027,2026-08-30,Cotton,Deltapine DP1646,92,Maturity,31.9,22.7,6.94,141.6,22.1,155.5,23.4,88.9,1.3,15.6,26.6,0.0,0.0,6.0,4,0.783,2.09
F-027,2026-08-31,Cotton,Deltapine DP1646,93,Maturity,24.5,24.4,6.88,141.2,22.0,155.4,26.0,60.2,0.0,13.7,24.5,0.0,0.0,6.3,4,0.716,1.79
F-027,2026-09-01,Cotton,Deltapine DP1646,94,Maturity,30.1,23.9,6.9,140.8,21.9,155.2,26.1,85.0,12.5,11.1,15.2,0.0,0.0,6.6,2,0.732,2.04
F-028,2026-08-18,Soybean,Asgrow AG36X6,58,Grain/Pod Filling,48.3,25.3,6.85,55.8,41.5,163.9,26.9,73.3,0.0,4.8,18.1,0.0,0.0,30.6,15,0.701,3.27
F-028,2026-08-19,Soybean,Asgrow AG36X6,59,Grain/Pod Filling,44.1,18.1,6.77,55.4,41.4,163.7,21.6,84.7,0.0,16.1,16.4,0.0,0.0,32.2,15,0.729,3.31
F-028,2026-08-20,Soybean,Asgrow AG36X6,60,Grain/Pod Filling,46.4,18.4,6.79,55.0,41.3,163.6,19.2,74.5,7.6,11.4,14.7,0.0,0.0,34.0,13,0.715,3.36
F-028,2026-08-21,Soybean,Asgrow AG36X6,61,Grain/Pod Filling,38.9,24.3,6.76,54.6,41.2,163.4,26.3,80.2,0.0,7.2,14.7,0.0,0.0,37.4,10,0.729,3.33
F-028,2026-08-22,Soybean,Asgrow AG36X6,62,Grain/Pod Filling,31.2,28.7,6.76,54.2,41.1,163.3,31.0,81.3,2.1,17.1,15.8,0.0,0.0,40.6,9,0.675,2.97
F-028,2026-08-23,Soybean,Asgrow AG36X6,63,Grain/Pod Filling,24.8,25.5,6.73,53.8,41.0,163.1,28.3,54.3,0.0,22.6,21.0,0.0,0.0,41.8,10,0.663,2.42
F-028,2026-08-24,Soybean,Asgrow AG36X6,64,Grain/Pod Filling,34.8,26.2,6.72,53.4,40.9,163.0,28.6,66.0,0.0,13.2,22.3,19.3,0.0,45.2,7,0.687,2.95
F-028,2026-08-25,Soybean,Asgrow AG36X6,65,Grain/Pod Filling,26.5,26.5,6.78,117.8,60.2,175.8,29.4,79.3,0.7,18.2,22.6,0.0,64.8,48.9,4,0.668,2.59
F-028,2026-08-26,Soybean,Asgrow AG36X6,66,Grain/Pod Filling,18.1,29.2,6.87,52.6,40.7,162.7,31.8,67.2,0.0,8.9,22.4,0.0,0.0,51.2,3,0.645,2.05
F-028,2026-08-27,Soybean,Asgrow AG36X6,67,Grain/Pod Filling,13.5,16.5,6.72,52.2,40.6,162.5,17.8,73.4,1.2,23.2,18.6,0.0,0.0,53.5,6,0.613,1.9
F-028,2026-08-28,Soybean,Asgrow AG36X6,68,Grain/Pod Filling,8.0,27.6,6.82,51.8,40.5,162.4,30.5,66.5,0.0,16.6,16.3,0.0,0.0,56.9,2,0.61,1.43
F-028,2026-08-29,Soybean,Asgrow AG36X6,69,Grain/Pod Filling,20.8,22.4,6.77,51.4,40.4,162.2,24.0,51.4,0.0,16.1,26.4,20.2,0.0,57.9,2,0.612,2.11
F-028,2026-08-30,Soybean,Asgrow AG36X6,70,Grain/Pod Filling,43.1,25.8,6.71,51.0,40.3,162.1,26.5,67.6,0.0,16.6,17.7,32.4,0.0,61.7,2,0.687,2.97
F-028,2026-08-31,Soybean,Asgrow AG36X6,71,Grain/Pod Filling,36.4,24.2,6.72,50.6,40.2,161.9,25.9,48.8,0.0,12.9,23.5,0.0,0.0,62.4,2,0.689,2.67
F-028,2026-09-01,Soybean,Asgrow AG36X6,72,Grain/Pod Filling,33.3,19.0,6.72,50.2,40.1,161.8,22.5,84.3,4.3,17.8,20.1,0.0,0.0,66.3,2,0.67,2.59
F-029,2026-08-18,Corn,NK Corn N78N,69,Grain/Pod Filling,46.8,25.7,6.0,148.0,21.8,156.9,29.4,75.3,0.0,21.8,21.1,0.0,0.0,30.1,19,0.724,6.73
F-029,2026-08-19,Corn,NK Corn N78N,70,Grain/Pod Filling,50.4,24.8,6.0,147.6,21.7,156.7,26.6,83.0,14.5,17.2,11.9,0.0,0.0,34.1,21,0.705,6.6
F-029,2026-08-20,Corn,NK Corn N78N,71,Grain/Pod Filling,42.2,21.7,6.04,147.2,21.6,156.6,24.2,60.2,0.0,14.6,18.0,0.0,0.0,35.1,17,0.714,6.58
F-029,2026-08-21,Corn,NK Corn N78N,72,Grain/Pod Filling,32.5,27.3,6.09,146.8,21.5,156.4,29.9,53.6,0.0,10.8,22.9,0.0,0.0,36.3,17,0.702,6.07
F-029,2026-08-22,Corn,NK Corn N78N,73,Grain/Pod Filling,42.9,28.2,6.02,146.4,21.4,156.3,30.1,72.2,0.0,14.6,13.9,16.4,0.0,39.5,14,0.693,6.85
F-029,2026-08-23,Corn,NK Corn N78N,74,Grain/Pod Filling,37.2,22.0,6.01,146.0,21.3,156.1,24.1,76.3,0.0,14.6,19.0,0.0,0.0,42.6,15,0.704,6.37
F-029,2026-08-24,Corn,NK Corn N78N,75,Maturity,44.7,22.4,5.97,145.6,21.2,156.0,23.8,34.0,0.0,14.6,22.6,16.8,0.0,43.2,15,0.701,6.28
F-029,2026-08-25,Corn,NK Corn N78N,76,Maturity,39.4,22.0,5.93,145.2,21.1,155.8,23.2,69.4,0.0,14.6,19.6,0.0,0.0,45.4,18,0.705,6.35
F-029,2026-08-26,Corn,NK Corn N78N,77,Maturity,61.2,23.8,6.1,144.8,21.0,155.7,26.9,53.2,0.0,12.7,20.4,31.3,0.0,46.5,14,0.665,5.74
F-029,2026-08-27,Corn,NK Corn N78N,78,Maturity,53.7,25.0,5.9,144.4,20.9,155.5,29.0,59.1,0.0,19.5,20.2,0.0,0.0,47.3,10,0.693,6.16
F-029,2026-08-28,Corn,NK Corn N78N,79,Maturity,46.3,25.7,5.9,144.0,20.8,155.4,27.5,64.3,0.0,21.3,20.9,0.0,0.0,48.4,8,0.683,6.66
F-029,2026-08-29,Corn,NK Corn N78N,80,Maturity,39.2,22.8,5.96,143.6,20.7,155.2,25.1,72.3,0.0,15.8,21.1,0.0,0.0,51.6,6,0.663,6.2
F-029,2026-08-30,Corn,NK Corn N78N,81,Maturity,33.6,21.3,6.0,143.2,20.6,155.1,20.4,57.6,0.0,17.3,21.8,0.0,0.0,52.1,2,0.667,5.78
F-029,2026-08-31,Corn,NK Corn N78N,82,Maturity,47.9,27.2,5.98,142.8,20.5,154.9,29.4,69.6,0.0,11.7,19.6,25.4,0.0,54.2,2,0.688,6.31
F-029,2026-09-01,Corn,NK Corn N78N,83,Maturity,40.9,26.2,5.99,142.4,20.4,154.8,28.8,74.2,0.0,8.7,20.5,0.0,0.0,56.0,2,0.708,6.44
F-030,2026-08-18,Wheat,LCS Sonic,30,Flowering,25.5,27.4,6.23,86.9,54.8,146.4,29.5,71.9,0.0,13.3,21.4,0.0,0.0,4.6,6,0.741,4.24
F-030,2026-08-19,Wheat,LCS Sonic,31,Flowering,31.5,23.0,6.23,86.5,54.7,146.3,24.8,75.2,15.5,24.1,16.0,0.0,0.0,4.2,8,0.772,4.3
F-030,2026-08-20,Wheat,LCS Sonic,32,Flowering,24.0,20.2,6.29,86.1,54.6,146.1,23.1,58.1,0.0,7.2,11.7,0.0,0.0,3.9,6,0.745,3.89
F-030,2026-08-21,Wheat,LCS Sonic,33,Flowering,15.2,23.6,6.32,85.7,54.5,146.0,26.2,83.0,0.0,12.7,18.5,0.0,0.0,3.8,4,0.718,3.44
F-030,2026-08-22,Wheat,LCS Sonic,34,Flowering,11.2,23.4,6.3,85.3,54.4,145.8,25.1,86.7,3.3,16.0,19.0,0.0,0.0,3.9,6,0.682,3.33
F-030,2026-08-23,Wheat,LCS Sonic,35,Flowering,8.0,25.9,6.32,84.9,54.3,145.7,29.0,57.3,0.0,4.1,21.3,0.0,0.0,4.4,7,0.671,3.0
F-030,2026-08-24,Wheat,LCS Sonic,36,Flowering,8.0,21.8,6.32,84.5,54.2,145.5,23.7,60.7,0.0,15.9,17.9,0.0,0.0,4.8,6,0.695,3.29
F-030,2026-08-25,Wheat,LCS Sonic,37,Flowering,8.0,25.3,6.34,84.1,54.1,145.4,26.2,42.8,0.0,14.0,21.3,0.0,0.0,4.7,4,0.706,3.04
F-030,2026-08-26,Wheat,LCS Sonic,38,Flowering,16.5,21.9,6.24,83.7,54.0,145.2,24.1,90.9,19.2,21.1,12.5,0.0,0.0,4.1,7,0.708,3.75
F-030,2026-08-27,Wheat,LCS Sonic,39,Flowering,8.0,23.8,6.3,83.3,53.9,145.1,24.5,64.0,0.0,13.6,26.1,0.0,0.0,4.1,4,0.68,2.93
F-030,2026-08-28,Wheat,LCS Sonic,40,Flowering,11.5,18.5,6.26,135.7,69.7,155.5,18.1,90.9,9.6,13.0,25.2,0.0,52.8,4.6,3,0.686,3.05
F-030,2026-08-29,Wheat,LCS Sonic,41,Flowering,8.0,21.8,6.28,82.5,53.7,144.8,23.4,65.1,0.0,8.4,21.3,0.0,0.0,4.2,2,0.659,3.01
F-030,2026-08-30,Wheat,LCS Sonic,42,Flowering,8.0,22.9,6.28,82.1,53.6,144.6,25.6,73.0,0.0,12.0,19.4,0.0,0.0,3.7,2,0.705,3.23
F-030,2026-08-31,Wheat,LCS Sonic,43,Flowering,8.0,21.3,6.26,81.7,53.5,144.5,23.6,98.0,5.4,19.4,21.1,0.0,0.0,4.2,3,0.662,2.96
F-030,2026-09-01,Wheat,LCS Sonic,44,Flowering,11.0,21.4,6.31,81.3,53.4,144.3,24.0,98.0,11.6,18.9,29.4,0.0,0.0,3.9,2,0.69,3.15
F-031,2026-08-18,Wheat,SY Monument,43,Flowering,50.9,23.2,5.87,37.7,51.6,144.3,24.5,60.5,0.0,9.1,18.7,0.0,0.0,5.6,14,0.785,4.42
F-031,2026-08-19,Wheat,SY Monument,44,Flowering,42.7,27.7,5.88,37.3,51.5,144.1,29.6,54.3,0.0,18.6,23.7,0.0,0.0,4.7,10,0.741,4.35
F-031,2026-08-20,Wheat,SY Monument,45,Flowering,40.0,24.5,5.82,36.9,51.4,144.0,24.3,66.9,0.0,13.1,15.6,0.0,0.0,4.1,8,0.785,4.18
F-031,2026-08-21,Wheat,SY Monument,46,Flowering,35.6,27.2,5.85,36.5,51.3,143.8,27.6,81.1,0.0,18.8,24.4,0.0,0.0,4.6,10,0.808,4.04
F-031,2026-08-22,Wheat,SY Monument,47,Flowering,54.6,28.8,5.97,36.1,51.2,143.7,31.7,68.8,0.0,9.8,22.5,30.0,0.0,3.7,13,0.796,4.36
F-031,2026-08-23,Wheat,SY Monument,48,Flowering,53.1,18.6,5.86,35.7,51.1,143.5,18.6,68.8,0.0,20.7,23.2,0.0,0.0,3.7,13,0.773,3.97
F-031,2026-08-24,Wheat,SY Monument,49,Flowering,47.8,18.9,5.9,35.3,51.0,143.4,21.6,60.6,0.0,17.7,21.2,0.0,0.0,4.5,10,0.8,4.48
F-031,2026-08-25,Wheat,SY Monument,50,Grain/Pod Filling,40.6,22.9,5.96,34.9,50.9,143.2,24.2,78.0,0.0,11.4,24.3,0.0,0.0,4.4,10,0.748,4.33
F-031,2026-08-26,Wheat,SY Monument,51,Grain/Pod Filling,42.9,17.3,5.88,34.5,50.8,143.1,19.5,86.4,9.0,18.8,27.7,0.0,0.0,4.7,12,0.794,3.86
F-031,2026-08-27,Wheat,SY Monument,52,Grain/Pod Filling,35.3,21.9,5.89,34.1,50.7,142.9,24.2,58.6,0.0,14.7,25.0,0.0,0.0,5.6,12,0.774,4.06
F-031,2026-08-28,Wheat,SY Monument,53,Grain/Pod Filling,51.2,25.8,5.88,33.7,50.6,142.8,29.6,70.0,0.0,14.2,25.2,25.6,0.0,5.1,9,0.758,3.88
F-031,2026-08-29,Wheat,SY Monument,54,Grain/Pod Filling,45.7,18.6,5.84,33.3,50.5,142.6,19.9,61.9,0.0,15.6,22.7,0.0,0.0,4.8,9,0.754,4.0
F-031,2026-08-30,Wheat,SY Monument,55,Grain/Pod Filling,46.2,20.2,5.89,32.9,50.4,142.5,20.7,91.1,7.7,16.9,21.6,0.0,0.0,4.9,12,0.805,4.16
F-031,2026-08-31,Wheat,SY Monument,56,Grain/Pod Filling,41.3,19.4,5.94,32.5,50.3,142.3,20.9,72.4,0.0,20.9,22.4,0.0,0.0,5.0,11,0.788,4.01
F-031,2026-09-01,Wheat,SY Monument,57,Grain/Pod Filling,35.8,25.8,5.89,32.1,50.2,142.2,26.7,77.0,0.0,13.4,21.2,0.0,0.0,5.2,13,0.793,4.45
F-032,2026-08-18,Rice,Diamond Long-Grain,54,Grain/Pod Filling,40.5,22.1,6.62,39.6,42.6,137.3,24.6,98.0,17.2,17.3,11.6,0.0,0.0,4.5,12,0.768,5.91
F-032,2026-08-19,Rice,Diamond Long-Grain,55,Grain/Pod Filling,29.9,24.0,6.55,39.2,42.5,137.2,25.7,65.7,0.0,20.1,18.9,0.0,0.0,5.5,15,0.763,5.34
F-032,2026-08-20,Rice,Diamond Long-Grain,56,Grain/Pod Filling,23.8,19.2,6.64,38.8,42.4,137.0,21.1,74.9,0.0,14.9,20.5,0.0,0.0,5.1,13,0.767,4.64
F-032,2026-08-21,Rice,Diamond Long-Grain,57,Grain/Pod Filling,30.1,19.2,6.64,38.4,42.3,136.9,20.4,72.1,14.3,12.2,25.8,0.0,0.0,5.0,12,0.764,5.12
F-032,2026-08-22,Rice,Diamond Long-Grain,58,Grain/Pod Filling,20.3,30.8,6.62,38.0,42.2,136.7,34.5,47.9,0.0,20.1,17.9,0.0,0.0,5.0,15,0.695,4.05
F-032,2026-08-23,Rice,Diamond Long-Grain,59,Grain/Pod Filling,21.6,22.4,6.57,37.6,42.1,136.6,23.7,77.3,13.4,24.3,18.2,0.0,0.0,5.9,18,0.705,4.37
F-032,2026-08-24,Rice,Diamond Long-Grain,60,Grain/Pod Filling,35.5,14.6,6.6,37.2,42.0,136.4,14.1,98.0,19.8,14.8,16.2,0.0,0.0,5.6,17,0.805,5.61
F-032,2026-08-25,Rice,Diamond Long-Grain,61,Grain/Pod Filling,26.6,31.2,6.64,36.8,41.9,136.3,33.8,56.1,0.0,22.5,18.5,0.0,0.0,4.9,18,0.733,4.2
F-032,2026-08-26,Rice,Diamond Long-Grain,62,Grain/Pod Filling,18.2,23.9,6.68,36.4,41.8,136.1,25.3,68.1,0.0,17.3,18.1,0.0,0.0,4.6,15,0.679,3.91
F-032,2026-08-27,Rice,Diamond Long-Grain,63,Grain/Pod Filling,11.5,27.0,6.52,36.0,41.7,136.0,30.0,59.8,0.0,10.8,25.9,0.0,0.0,4.4,16,0.703,3.65
F-032,2026-08-28,Rice,Diamond Long-Grain,64,Grain/Pod Filling,8.0,25.0,6.55,35.6,41.6,135.8,28.5,77.9,0.0,26.9,24.1,0.0,0.0,5.0,13,0.647,3.32
F-032,2026-08-29,Rice,Diamond Long-Grain,65,Grain/Pod Filling,8.0,22.1,6.56,89.4,57.7,146.5,22.4,71.5,0.0,12.2,27.2,0.0,54.2,4.0,10,0.65,3.77
F-032,2026-08-30,Rice,Diamond Long-Grain,66,Grain/Pod Filling,8.0,26.8,6.49,34.8,41.4,135.5,29.2,80.7,0.0,16.3,20.5,0.0,0.0,5.1,13,0.68,3.36
F-032,2026-08-31,Rice,Diamond Long-Grain,67,Grain/Pod Filling,8.0,18.2,6.55,34.4,41.3,135.4,17.9,81.8,0.2,16.4,18.7,0.0,0.0,4.2,16,0.662,3.1
F-032,2026-09-01,Rice,Diamond Long-Grain,68,Grain/Pod Filling,8.0,24.0,6.62,34.0,41.2,135.2,26.7,58.4,0.0,12.7,21.3,0.0,0.0,3.8,15,0.66,3.27
F-033,2026-08-18,Rice,Jupiter Medium,76,Maturity,46.8,23.4,6.46,38.2,50.6,177.1,25.4,74.9,0.0,14.2,17.9,0.0,0.0,5.2,15,0.799,5.37
F-033,2026-08-19,Rice,Jupiter Medium,77,Maturity,42.3,20.9,6.53,37.8,50.5,176.9,22.6,62.0,0.0,12.5,20.6,0.0,0.0,4.6,18,0.781,5.93
F-033,2026-08-20,Rice,Jupiter Medium,78,Maturity,35.7,21.9,6.48,37.4,50.4,176.8,22.3,67.6,0.0,24.8,26.6,0.0,0.0,3.9,20,0.776,5.38
F-033,2026-08-21,Rice,Jupiter Medium,79,Maturity,42.6,27.9,6.52,37.0,50.3,176.6,29.1,48.7,0.0,9.5,19.5,16.1,0.0,3.7,18,0.768,5.46
F-033,2026-08-22,Rice,Jupiter Medium,80,Maturity,37.6,22.9,6.64,36.6,50.2,176.5,23.9,97.6,1.3,14.8,19.8,0.0,0.0,4.4,14,0.786,5.39
F-033,2026-08-23,Rice,Jupiter Medium,81,Maturity,38.7,14.7,6.54,36.2,50.1,176.3,15.1,91.1,2.9,11.2,17.2,0.0,0.0,4.5,17,0.756,5.3
F-033,2026-08-24,Rice,Jupiter Medium,82,Maturity,59.5,20.5,6.62,35.8,50.0,176.2,23.0,62.6,0.0,17.3,15.4,29.4,0.0,5.3,18,0.764,5.65
F-033,2026-08-25,Rice,Jupiter Medium,83,Maturity,55.1,19.8,6.45,35.4,49.9,176.0,22.1,75.9,0.0,6.6,23.0,0.0,0.0,4.4,18,0.78,5.82
F-033,2026-08-26,Rice,Jupiter Medium,84,Maturity,47.2,22.3,6.47,35.0,49.8,175.9,24.4,58.1,0.0,9.7,26.9,0.0,0.0,3.9,21,0.761,5.73
F-033,2026-08-27,Rice,Jupiter Medium,85,Maturity,39.9,26.8,6.61,34.6,49.7,175.7,29.1,57.9,0.0,17.2,24.7,0.0,0.0,3.4,18,0.767,5.89
F-033,2026-08-28,Rice,Jupiter Medium,86,Maturity,57.6,28.5,6.53,34.2,49.6,175.6,30.4,64.1,0.0,9.0,21.8,31.0,0.0,4.8,18,0.746,5.89
F-033,2026-08-29,Rice,Jupiter Medium,87,Maturity,49.8,25.5,6.61,33.8,49.5,175.4,27.3,39.0,0.0,11.4,19.6,0.0,0.0,4.3,21,0.759,5.71
F-033,2026-08-30,Rice,Jupiter Medium,88,Maturity,41.7,24.7,6.48,33.4,49.4,175.3,25.4,67.0,0.0,14.7,26.1,0.0,0.0,5.1,17,0.792,5.47
F-033,2026-08-31,Rice,Jupiter Medium,89,Maturity,35.1,23.9,6.42,33.0,49.3,175.1,25.0,54.6,0.0,13.0,14.1,0.0,0.0,5.1,18,0.804,5.41
F-033,2026-09-01,Rice,Jupiter Medium,90,Maturity,32.7,19.4,6.57,32.6,49.2,175.0,22.4,85.1,4.1,10.7,23.4,0.0,0.0,4.7,17,0.777,4.7
F-034,2026-08-18,Wheat,WB9719,36,Flowering,47.4,26.8,6.69,87.6,64.1,160.9,29.6,60.9,0.0,19.1,16.4,0.0,0.0,4.7,69,0.725,4.22
F-034,2026-08-19,Wheat,WB9719,37,Flowering,43.9,23.1,6.62,87.2,64.0,160.8,24.6,53.9,0.0,15.9,18.7,0.0,0.0,4.7,74,0.722,4.09
F-034,2026-08-20,Wheat,WB9719,38,Flowering,66.7,17.0,6.68,86.8,63.9,160.6,16.8,72.8,35.2,13.5,8.0,0.0,0.0,5.6,73,0.733,4.34
F-034,2026-08-21,Wheat,WB9719,39,Flowering,57.2,25.6,6.62,86.4,63.8,160.5,28.5,53.2,0.0,21.2,18.0,0.0,0.0,5.0,84,0.693,3.82
F-034,2026-08-22,Wheat,WB9719,40,Flowering,49.8,27.3,6.63,143.8,81.0,171.9,29.0,65.2,0.0,7.1,21.3,0.0,57.8,5.2,81,0.741,4.11
F-034,2026-08-23,Wheat,WB9719,41,Flowering,59.1,17.9,6.75,85.6,63.6,160.2,20.2,98.0,15.8,17.8,10.3,0.0,0.0,5.1,91,0.691,3.71
F-034,2026-08-24,Wheat,WB9719,42,Flowering,51.1,25.2,6.56,85.2,63.5,160.0,27.6,60.1,0.0,20.6,27.8,0.0,0.0,5.7,92,0.696,3.84
F-034,2026-08-25,Wheat,WB9719,43,Flowering,43.4,23.5,6.63,84.8,63.4,159.9,25.0,47.6,0.0,24.9,15.0,0.0,0.0,4.5,103,0.728,3.58
F-034,2026-08-26,Wheat,WB9719,44,Flowering,36.0,25.0,6.65,84.4,63.3,159.7,27.2,60.7,0.0,14.5,20.6,0.0,0.0,4.0,103,0.65,3.82
F-034,2026-08-27,Wheat,WB9719,45,Flowering,44.2,22.3,6.59,84.0,63.2,159.6,24.0,49.9,0.0,17.4,32.0,15.8,0.0,4.1,111,0.669,3.84
F-034,2026-08-28,Wheat,WB9719,46,Flowering,37.2,20.5,6.7,83.6,63.1,159.4,21.9,69.5,0.0,19.0,19.6,0.0,0.0,5.2,117,0.669,3.5
F-034,2026-08-29,Wheat,WB9719,47,Flowering,31.4,26.6,6.67,83.2,63.0,159.3,27.5,67.2,0.0,14.4,16.5,0.0,0.0,6.1,128,0.644,3.15
F-034,2026-08-30,Wheat,WB9719,48,Flowering,29.6,27.0,6.65,82.8,62.9,159.1,27.9,86.1,7.8,13.1,21.0,0.0,0.0,6.7,131,0.686,3.04
F-034,2026-08-31,Wheat,WB9719,49,Flowering,54.6,25.1,6.7,82.4,62.8,159.0,27.1,74.5,0.0,15.8,20.1,33.7,0.0,7.1,133,0.636,3.31
F-034,2026-09-01,Wheat,WB9719,50,Grain/Pod Filling,53.2,21.5,6.68,82.0,62.7,158.8,21.4,57.0,0.0,9.3,23.1,0.0,0.0,7.7,138,0.629,3.34
F-035,2026-08-18,Soybean,Pioneer P31T77E,55,Grain/Pod Filling,48.5,25.4,6.72,118.9,50.1,69.5,25.6,48.8,0.0,20.9,19.3,0.0,0.0,4.5,7,0.772,3.66
F-035,2026-08-19,Soybean,Pioneer P31T77E,56,Grain/Pod Filling,42.7,20.7,6.95,118.5,50.0,69.4,22.7,63.4,0.0,4.1,16.8,0.0,0.0,4.3,10,0.769,3.87
F-035,2026-08-20,Soybean,Pioneer P31T77E,57,Grain/Pod Filling,37.1,20.6,6.66,118.1,49.9,69.2,21.4,65.2,0.0,8.6,22.5,0.0,0.0,4.6,7,0.779,3.69
F-035,2026-08-21,Soybean,Pioneer P31T77E,58,Grain/Pod Filling,46.6,22.4,6.79,117.7,49.8,69.1,24.5,60.4,0.0,21.5,20.9,17.0,0.0,4.6,9,0.776,4.08
F-035,2026-08-22,Soybean,Pioneer P31T77E,59,Grain/Pod Filling,39.5,25.7,6.76,117.3,49.7,68.9,28.2,61.9,0.0,13.5,24.5,0.0,0.0,4.5,8,0.795,3.71
F-035,2026-08-23,Soybean,Pioneer P31T77E,60,Grain/Pod Filling,32.9,23.3,6.82,116.9,49.6,68.8,24.7,56.3,0.0,16.5,22.3,0.0,0.0,5.9,4,0.745,3.74
F-035,2026-08-24,Soybean,Pioneer P31T77E,61,Grain/Pod Filling,40.2,23.0,6.72,116.5,49.5,68.6,25.2,68.8,0.0,16.8,14.4,15.9,0.0,6.7,2,0.805,3.8
F-035,2026-08-25,Soybean,Pioneer P31T77E,62,Grain/Pod Filling,40.7,19.0,6.79,116.1,49.4,68.5,19.8,82.1,7.1,14.8,22.9,0.0,0.0,6.8,2,0.773,3.85
F-035,2026-08-26,Soybean,Pioneer P31T77E,63,Grain/Pod Filling,39.9,25.9,6.82,115.7,49.3,68.3,27.5,98.0,1.8,7.8,23.4,0.0,0.0,7.0,5,0.783,3.74
F-035,2026-08-27,Soybean,Pioneer P31T77E,64,Grain/Pod Filling,33.8,23.6,6.75,115.3,49.2,68.2,25.7,57.8,0.0,14.4,25.6,0.0,0.0,7.1,2,0.777,3.8
F-035,2026-08-28,Soybean,Pioneer P31T77E,65,Grain/Pod Filling,51.2,23.5,6.85,156.5,61.5,76.4,25.0,81.7,29.4,11.4,13.7,0.0,41.6,7.4,5,0.762,3.75
F-035,2026-08-29,Soybean,Pioneer P31T77E,66,Grain/Pod Filling,44.2,23.2,6.74,114.5,49.0,67.9,24.6,70.5,0.0,7.1,24.3,0.0,0.0,7.8,7,0.802,3.61
F-035,2026-08-30,Soybean,Pioneer P31T77E,67,Grain/Pod Filling,38.6,24.5,6.78,114.1,48.9,67.7,27.6,61.4,0.0,3.1,23.1,0.0,0.0,7.1,9,0.777,3.57
F-035,2026-08-31,Soybean,Pioneer P31T77E,68,Grain/Pod Filling,67.4,24.9,6.79,113.7,48.8,67.6,26.6,74.7,11.6,13.0,21.7,27.9,0.0,6.6,6,0.791,3.83
F-035,2026-09-01,Soybean,Pioneer P31T77E,69,Grain/Pod Filling,61.0,22.9,6.82,113.3,48.7,67.4,24.6,83.2,0.0,13.7,26.8,0.0,0.0,5.5,6,0.764,3.95
F-036,2026-08-18,Wheat,SY Monument,62,Grain/Pod Filling,47.7,29.8,6.76,40.9,17.7,139.8,32.8,52.5,0.0,12.7,29.3,0.0,0.0,4.7,9,0.776,3.89
F-036,2026-08-19,Wheat,SY Monument,63,Grain/Pod Filling,50.5,21.0,6.78,40.5,17.6,139.6,21.6,87.1,10.7,22.2,19.4,0.0,0.0,4.8,6,0.762,4.09
F-036,2026-08-20,Wheat,SY Monument,64,Grain/Pod Filling,42.7,23.0,6.66,40.1,17.5,139.5,24.5,46.0,0.0,21.2,24.6,0.0,0.0,4.1,8,0.821,4.15
F-036,2026-08-21,Wheat,SY Monument,65,Grain/Pod Filling,35.6,28.6,6.72,39.7,17.4,139.3,29.8,53.7,0.0,9.3,19.6,0.0,0.0,3.6,10,0.765,4.32
F-036,2026-08-22,Wheat,SY Monument,66,Grain/Pod Filling,54.9,16.8,6.83,39.3,17.3,139.2,17.4,57.1,0.0,12.7,27.0,24.2,0.0,3.3,9,0.772,4.48
F-036,2026-08-23,Wheat,SY Monument,67,Grain/Pod Filling,49.2,24.4,6.8,38.9,17.2,139.0,25.1,80.0,0.0,16.3,24.5,0.0,0.0,3.2,11,0.735,4.1
F-036,2026-08-24,Wheat,SY Monument,68,Grain/Pod Filling,41.4,19.7,6.81,38.5,17.1,138.9,20.7,50.2,0.0,22.4,21.4,0.0,0.0,3.5,12,0.776,4.68
F-036,2026-08-25,Wheat,SY Monument,69,Grain/Pod Filling,33.0,24.6,6.87,38.1,17.0,138.7,26.3,66.0,0.0,8.6,26.1,0.0,0.0,3.0,14,0.722,3.89
F-036,2026-08-26,Wheat,SY Monument,70,Grain/Pod Filling,32.7,21.8,6.81,37.7,16.9,138.6,22.9,65.1,6.9,10.6,9.0,0.0,0.0,3.2,12,0.77,4.23
F-036,2026-08-27,Wheat,SY Monument,71,Grain/Pod Filling,26.5,21.7,6.76,37.3,16.8,138.4,24.1,57.3,0.0,14.4,32.0,0.0,0.0,3.5,11,0.751,3.76
F-036,2026-08-28,Wheat,SY Monument,72,Grain/Pod Filling,37.8,26.5,6.81,36.9,16.7,138.3,28.1,75.0,0.0,5.9,26.7,19.8,0.0,3.5,9,0.738,4.08
F-036,2026-08-29,Wheat,SY Monument,73,Grain/Pod Filling,30.5,26.8,6.71,36.5,16.6,138.1,28.6,60.2,0.0,10.3,16.2,0.0,0.0,3.0,12,0.783,3.83
F-036,2026-08-30,Wheat,SY Monument,74,Grain/Pod Filling,34.0,16.5,6.82,36.1,16.5,138.0,17.0,72.6,10.7,11.9,20.5,0.0,0.0,2.9,11,0.791,3.95
F-036,2026-08-31,Wheat,SY Monument,75,Maturity,26.9,28.0,6.76,35.7,16.4,137.8,28.9,53.4,0.0,16.0,16.1,0.0,0.0,2.8,13,0.749,3.44
F-036,2026-09-01,Wheat,SY Monument,76,Maturity,21.7,23.7,6.83,35.3,16.3,137.7,24.7,53.4,0.0,14.7,28.6,0.0,0.0,3.3,13,0.751,3.32
F-037,2026-08-18,Wheat,WB9719,54,Grain/Pod Filling,49.7,23.2,6.53,78.2,25.7,185.6,24.3,76.7,0.0,9.5,26.3,0.0,0.0,4.7,21,0.764,4.2
F-037,2026-08-19,Wheat,WB9719,55,Grain/Pod Filling,41.9,25.9,6.56,77.8,25.6,185.4,28.0,50.0,0.0,19.7,18.2,0.0,0.0,4.6,19,0.789,4.38
F-037,2026-08-20,Wheat,WB9719,56,Grain/Pod Filling,34.4,22.5,6.71,77.4,25.5,185.3,23.8,67.7,0.0,20.6,17.5,0.0,0.0,4.4,16,0.778,4.75
F-037,2026-08-21,Wheat,WB9719,57,Grain/Pod Filling,50.0,23.8,6.54,77.0,25.4,185.1,25.0,61.8,0.0,14.6,19.8,24.0,0.0,4.1,19,0.735,4.53
F-037,2026-08-22,Wheat,WB9719,58,Grain/Pod Filling,46.2,22.3,6.57,76.6,25.3,185.0,23.0,68.2,0.0,19.3,24.8,0.0,0.0,4.2,15,0.793,4.31
F-037,2026-08-23,Wheat,WB9719,59,Grain/Pod Filling,40.2,30.8,6.61,76.2,25.2,184.8,33.2,61.5,0.0,14.5,22.0,0.0,0.0,3.5,18,0.758,4.3
F-037,2026-08-24,Wheat,WB9719,60,Grain/Pod Filling,34.1,26.4,6.54,75.8,25.1,184.7,28.1,80.3,4.7,17.7,20.2,0.0,0.0,3.7,14,0.822,4.34
F-037,2026-08-25,Wheat,WB9719,61,Grain/Pod Filling,56.3,23.9,6.53,75.4,25.0,184.5,25.9,72.6,0.0,18.1,25.5,32.6,0.0,3.9,16,0.746,4.78
F-037,2026-08-26,Wheat,WB9719,62,Grain/Pod Filling,49.2,25.5,6.52,75.0,24.9,184.4,26.2,74.9,0.4,23.0,24.1,0.0,0.0,4.5,17,0.779,4.22
F-037,2026-08-27,Wheat,WB9719,63,Grain/Pod Filling,43.2,22.3,6.54,74.6,24.8,184.2,23.7,57.3,0.0,13.5,23.1,0.0,0.0,4.9,20,0.772,4.41
F-037,2026-08-28,Wheat,WB9719,64,Grain/Pod Filling,35.0,28.5,6.55,74.2,24.7,184.1,31.9,58.6,0.0,11.5,23.9,0.0,0.0,5.1,17,0.777,4.47
F-037,2026-08-29,Wheat,WB9719,65,Grain/Pod Filling,42.1,25.8,6.57,150.9,47.7,199.4,26.8,53.7,0.0,15.7,20.6,18.4,77.1,5.6,13,0.75,4.62
F-037,2026-08-30,Wheat,WB9719,66,Grain/Pod Filling,37.4,24.4,6.66,73.4,24.5,183.8,26.2,75.0,0.0,15.2,22.4,0.0,0.0,6.6,16,0.755,4.35
F-037,2026-08-31,Wheat,WB9719,67,Grain/Pod Filling,31.2,22.1,6.57,73.0,24.4,183.6,23.3,76.7,0.0,21.5,18.7,0.0,0.0,7.6,12,0.758,4.08
F-037,2026-09-01,Wheat,WB9719,68,Grain/Pod Filling,21.9,26.2,6.65,72.6,24.3,183.5,28.6,56.9,0.0,12.0,28.3,0.0,0.0,8.0,11,0.678,3.68
F-038,2026-08-18,Cotton,Deltapine DP1646,39,Flowering,60.5,29.6,6.55,119.2,52.5,64.3,30.7,77.8,15.3,12.3,14.1,0.0,0.0,4.3,8,0.776,2.27
F-038,2026-08-19,Cotton,Deltapine DP1646,40,Flowering,56.2,22.8,6.44,194.6,75.1,79.3,24.0,67.0,0.0,14.3,24.4,0.0,75.8,4.3,7,0.781,2.13
F-038,2026-08-20,Cotton,Deltapine DP1646,41,Flowering,48.2,23.3,6.46,118.4,52.3,64.0,26.5,61.2,0.0,7.4,31.0,0.0,0.0,3.9,8,0.815,2.08
F-038,2026-08-21,Cotton,Deltapine DP1646,42,Flowering,40.3,20.7,6.4,118.0,52.2,63.8,23.8,69.0,0.0,11.7,24.3,0.0,0.0,4.3,7,0.784,2.17
F-038,2026-08-22,Cotton,Deltapine DP1646,43,Flowering,38.0,17.9,6.51,117.6,52.1,63.7,17.5,79.9,0.7,12.1,15.8,0.0,0.0,3.6,9,0.756,2.02
F-038,2026-08-23,Cotton,Deltapine DP1646,44,Flowering,52.6,22.2,6.41,117.2,52.0,63.5,23.2,76.7,0.0,6.7,20.6,23.3,0.0,3.7,12,0.77,2.14
F-038,2026-08-24,Cotton,Deltapine DP1646,45,Flowering,49.0,21.3,6.5,116.8,51.9,63.4,22.8,54.1,0.0,12.4,20.9,0.0,0.0,4.3,12,0.779,2.26
F-038,2026-08-25,Cotton,Deltapine DP1646,46,Flowering,43.1,18.7,6.48,116.4,51.8,63.2,19.9,49.1,0.0,17.5,25.0,0.0,0.0,4.3,12,0.785,2.23
F-038,2026-08-26,Cotton,Deltapine DP1646,47,Flowering,37.1,15.8,6.43,116.0,51.7,63.1,17.3,62.8,0.0,18.8,25.2,0.0,0.0,5.2,11,0.757,2.14
F-038,2026-08-27,Cotton,Deltapine DP1646,48,Flowering,31.2,21.9,6.47,115.6,51.6,62.9,23.2,67.7,0.0,9.5,26.7,0.0,0.0,4.9,9,0.819,2.29
F-038,2026-08-28,Cotton,Deltapine DP1646,49,Flowering,49.7,16.7,6.46,115.2,51.5,62.8,18.3,78.9,0.0,7.3,20.5,27.5,0.0,5.1,9,0.784,2.32
F-038,2026-08-29,Cotton,Deltapine DP1646,50,Grain/Pod Filling,40.7,24.2,6.48,114.8,51.4,62.6,26.8,60.0,0.0,18.0,18.9,0.0,0.0,5.4,11,0.826,2.21
F-038,2026-08-30,Cotton,Deltapine DP1646,51,Grain/Pod Filling,34.7,23.4,6.45,114.4,51.3,62.5,24.4,54.6,0.0,16.1,17.2,0.0,0.0,5.4,8,0.784,2.03
F-038,2026-08-31,Cotton,Deltapine DP1646,52,Grain/Pod Filling,57.1,28.8,6.44,114.0,51.2,62.3,30.9,71.3,0.0,13.1,14.2,31.8,0.0,4.8,10,0.757,1.99
F-038,2026-09-01,Cotton,Deltapine DP1646,53,Grain/Pod Filling,51.5,20.6,6.44,113.6,51.1,62.2,22.0,61.5,0.0,11.1,25.5,0.0,0.0,4.9,7,0.772,2.28
F-039,2026-08-18,Cotton,Deltapine DP1646,51,Grain/Pod Filling,48.9,20.3,5.92,117.2,17.7,163.3,20.4,57.0,0.0,18.7,18.2,0.0,0.0,4.6,15,0.768,2.18
F-039,2026-08-19,Cotton,Deltapine DP1646,52,Grain/Pod Filling,45.3,19.3,5.99,116.8,17.6,163.1,21.1,59.8,0.0,17.1,19.8,0.0,0.0,4.0,15,0.791,2.3
F-039,2026-08-20,Cotton,Deltapine DP1646,53,Grain/Pod Filling,44.4,21.9,5.95,116.4,17.5,163.0,23.5,98.0,7.3,15.4,17.3,0.0,0.0,4.4,11,0.777,2.04
F-039,2026-08-21,Cotton,Deltapine DP1646,54,Grain/Pod Filling,35.5,22.7,5.88,116.0,17.4,162.8,26.3,60.7,0.0,20.4,21.5,0.0,0.0,5.4,10,0.796,2.14
F-039,2026-08-22,Cotton,Deltapine DP1646,55,Grain/Pod Filling,49.5,23.5,5.85,115.6,17.3,162.7,24.2,70.6,0.0,16.0,19.3,21.6,0.0,4.6,9,0.746,2.24
F-039,2026-08-23,Cotton,Deltapine DP1646,56,Grain/Pod Filling,55.1,20.8,5.91,115.2,17.2,162.5,22.5,81.3,13.8,11.7,18.1,0.0,0.0,5.6,10,0.751,2.09
F-039,2026-08-24,Cotton,Deltapine DP1646,57,Grain/Pod Filling,49.7,23.9,6.03,114.8,17.1,162.4,25.4,73.0,0.0,12.5,20.1,0.0,0.0,6.0,6,0.757,2.24
F-039,2026-08-25,Cotton,Deltapine DP1646,58,Grain/Pod Filling,42.2,25.0,5.97,114.4,17.0,162.2,25.9,65.0,0.0,21.8,15.6,0.0,0.0,5.5,9,0.796,2.15
F-039,2026-08-26,Cotton,Deltapine DP1646,59,Grain/Pod Filling,34.8,22.0,5.97,114.0,16.9,162.1,23.4,61.9,0.0,27.4,25.2,0.0,0.0,6.8,8,0.769,2.16
F-039,2026-08-27,Cotton,Deltapine DP1646,60,Grain/Pod Filling,43.0,21.9,5.89,113.6,16.8,161.9,22.7,67.0,14.6,15.7,11.0,0.0,0.0,6.7,4,0.794,2.05
F-039,2026-08-28,Cotton,Deltapine DP1646,61,Grain/Pod Filling,49.5,19.7,5.87,113.2,16.7,161.8,23.3,84.3,14.7,19.5,16.1,0.0,0.0,6.3,2,0.773,2.18
F-039,2026-08-29,Cotton,Deltapine DP1646,62,Grain/Pod Filling,43.4,20.7,5.96,112.8,16.6,161.6,21.3,66.4,0.0,12.4,24.1,0.0,0.0,6.3,4,0.812,2.35
F-039,2026-08-30,Cotton,Deltapine DP1646,63,Grain/Pod Filling,38.6,21.1,5.89,112.4,16.5,161.5,21.6,92.2,3.0,6.8,21.2,0.0,0.0,5.7,6,0.777,2.19
F-039,2026-08-31,Cotton,Deltapine DP1646,64,Grain/Pod Filling,47.1,23.4,5.92,112.0,16.4,161.3,23.8,49.9,0.0,9.0,24.5,18.8,0.0,6.0,6,0.779,2.09
F-039,2026-09-01,Cotton,Deltapine DP1646,65,Grain/Pod Filling,38.8,26.5,6.0,200.7,43.0,179.0,28.2,64.1,0.0,15.0,23.0,0.0,89.0,6.7,3,0.747,2.28
F-040,2026-08-18,Soybean,Asgrow AG36X6,49,Flowering,49.0,21.7,6.1,43.1,60.0,115.1,22.8,72.0,0.0,26.5,27.6,0.0,0.0,4.6,9,0.786,3.58
F-040,2026-08-19,Soybean,Asgrow AG36X6,50,Grain/Pod Filling,40.9,29.2,6.09,42.7,59.9,115.0,30.4,73.7,0.0,8.7,27.6,0.0,0.0,4.6,7,0.758,3.93
F-040,2026-08-20,Soybean,Asgrow AG36X6,51,Grain/Pod Filling,36.1,25.9,6.18,42.3,59.8,114.8,28.1,65.5,0.0,15.0,17.1,0.0,0.0,5.4,8,0.799,3.43
F-040,2026-08-21,Soybean,Asgrow AG36X6,52,Grain/Pod Filling,47.9,19.5,6.13,41.9,59.7,114.7,19.5,89.5,1.8,8.1,22.9,15.5,0.0,5.7,6,0.779,3.72
F-040,2026-08-22,Soybean,Asgrow AG36X6,53,Grain/Pod Filling,57.9,21.6,6.09,41.5,59.6,114.5,23.0,80.5,17.7,15.0,16.4,0.0,0.0,5.6,2,0.788,3.95
F-040,2026-08-23,Soybean,Asgrow AG36X6,54,Grain/Pod Filling,62.1,16.5,6.03,41.1,59.5,114.4,17.3,85.9,10.6,17.7,20.4,0.0,0.0,5.6,2,0.788,3.59
F-040,2026-08-24,Soybean,Asgrow AG36X6,55,Grain/Pod Filling,56.3,20.9,6.14,40.7,59.4,114.2,23.1,68.9,0.0,16.9,17.6,0.0,0.0,5.1,3,0.8,3.74
F-040,2026-08-25,Soybean,Asgrow AG36X6,56,Grain/Pod Filling,49.0,27.6,5.96,40.3,59.3,114.1,30.2,75.2,0.0,12.6,17.0,0.0,0.0,4.6,3,0.802,3.9
F-040,2026-08-26,Soybean,Asgrow AG36X6,57,Grain/Pod Filling,41.5,22.1,6.1,39.9,59.2,113.9,22.2,70.8,0.0,16.6,21.5,0.0,0.0,5.7,4,0.775,3.34
F-040,2026-08-27,Soybean,Asgrow AG36X6,58,Grain/Pod Filling,37.6,22.5,6.06,39.5,59.1,113.8,24.4,75.1,0.0,24.9,12.8,0.0,0.0,6.1,3,0.813,3.83
F-040,2026-08-28,Soybean,Asgrow AG36X6,59,Grain/Pod Filling,49.7,23.9,6.05,39.1,59.0,113.6,26.9,62.8,0.0,8.1,24.1,18.4,0.0,6.3,6,0.752,3.6
F-040,2026-08-29,Soybean,Asgrow AG36X6,60,Grain/Pod Filling,42.3,21.4,6.15,38.7,58.9,113.5,23.6,66.4,0.0,23.4,24.8,0.0,0.0,6.8,5,0.785,3.85
F-040,2026-08-30,Soybean,Asgrow AG36X6,61,Grain/Pod Filling,35.2,26.4,6.12,38.3,58.8,113.3,28.4,72.2,0.0,22.2,25.1,0.0,0.0,7.4,7,0.826,3.42
F-040,2026-08-31,Soybean,Asgrow AG36X6,62,Grain/Pod Filling,36.6,19.8,6.03,37.9,58.7,113.2,20.5,83.8,8.9,17.7,21.5,0.0,0.0,7.7,5,0.768,3.34
F-040,2026-09-01,Soybean,Asgrow AG36X6,63,Grain/Pod Filling,85.0,22.5,6.12,37.5,58.6,113.0,24.6,81.1,51.1,10.2,8.0,26.8,0.0,7.5,3,0.781,3.55
F-041,2026-08-18,Wheat,WB9719,84,Maturity,48.0,21.9,5.88,87.0,24.6,145.6,23.2,55.6,0.0,20.8,25.2,0.0,0.0,29.0,12,0.743,4.11
F-041,2026-08-19,Wheat,WB9719,85,Maturity,40.7,23.5,5.91,86.6,24.5,145.4,25.0,69.8,0.0,18.3,11.2,0.0,0.0,31.7,12,0.706,4.07
F-041,2026-08-20,Wheat,WB9719,86,Maturity,32.4,25.6,5.92,86.2,24.4,145.3,26.9,85.1,0.0,12.3,17.6,0.0,0.0,34.2,11,0.71,3.7
F-041,2026-08-21,Wheat,WB9719,87,Maturity,46.0,25.9,5.94,85.8,24.3,145.1,26.1,56.0,0.0,16.4,20.0,24.4,0.0,34.7,10,0.725,3.76
F-041,2026-08-22,Wheat,WB9719,88,Maturity,39.7,25.8,5.93,85.4,24.2,145.0,26.7,70.5,0.0,12.3,23.0,0.0,0.0,38.5,8,0.713,4.01
F-041,2026-08-23,Wheat,WB9719,89,Maturity,55.0,21.0,5.98,85.0,24.1,144.8,22.1,76.6,0.0,20.0,21.4,23.5,0.0,41.4,11,0.683,3.94
F-041,2026-08-24,Wheat,WB9719,90,Maturity,49.4,29.6,5.88,84.6,24.0,144.7,31.5,50.9,0.0,12.9,18.8,0.0,0.0,41.7,10,0.67,3.81
F-041,2026-08-25,Wheat,WB9719,91,Maturity,43.5,29.2,5.9,84.2,23.9,144.5,32.1,73.6,0.0,8.7,28.6,0.0,0.0,44.2,9,0.704,3.84
F-041,2026-08-26,Wheat,WB9719,92,Maturity,35.6,24.1,5.94,83.8,23.8,144.4,26.1,66.6,0.0,9.0,18.5,0.0,0.0,48.1,5,0.735,3.79
F-041,2026-08-27,Wheat,WB9719,93,Maturity,47.4,25.8,5.83,83.4,23.7,144.2,28.9,65.8,0.0,5.4,20.4,22.8,0.0,51.7,5,0.673,3.55
F-041,2026-08-28,Wheat,WB9719,94,Maturity,41.4,22.0,5.89,83.0,23.6,144.1,21.5,74.9,0.0,11.6,18.5,0.0,0.0,55.2,2,0.694,3.71
F-041,2026-08-29,Wheat,WB9719,95,Maturity,34.7,27.9,5.88,82.6,23.5,143.9,28.9,63.0,0.0,22.6,31.9,0.0,0.0,56.0,2,0.642,3.51
F-041,2026-08-30,Wheat,WB9719,96,Maturity,42.2,24.2,5.87,82.2,23.4,143.8,26.3,65.7,0.0,10.6,22.8,18.1,0.0,58.6,2,0.659,3.61
F-041,2026-08-31,Wheat,WB9719,97,Maturity,36.7,22.9,5.87,81.8,23.3,143.6,26.0,51.6,0.0,14.3,20.9,0.0,0.0,59.1,2,0.671,3.37
F-041,2026-09-01,Wheat,WB9719,98,Maturity,31.6,23.1,5.86,81.4,23.2,143.5,26.4,74.6,0.0,15.2,27.4,0.0,0.0,61.5,5,0.659,3.38
F-042,2026-08-18,Rice,Titan Hybrid,41,Flowering,47.6,20.4,6.68,92.0,37.9,77.5,21.0,60.4,0.0,9.8,13.6,0.0,0.0,5.1,10,0.779,5.65
F-042,2026-08-19,Rice,Titan Hybrid,42,Flowering,42.0,21.4,6.6,91.6,37.8,77.4,22.4,65.7,0.0,6.4,32.0,0.0,0.0,4.9,12,0.757,5.59
F-042,2026-08-20,Rice,Titan Hybrid,43,Flowering,34.2,26.7,6.65,91.2,37.7,77.2,29.2,47.3,0.0,13.6,21.5,0.0,0.0,4.3,15,0.761,5.89
F-042,2026-08-21,Rice,Titan Hybrid,44,Flowering,28.8,26.0,6.7,90.8,37.6,77.1,28.8,44.1,0.0,11.2,24.5,0.0,0.0,3.7,15,0.766,5.49
F-042,2026-08-22,Rice,Titan Hybrid,45,Flowering,23.0,22.5,6.66,90.4,37.5,76.9,23.1,83.5,0.0,14.4,26.8,0.0,0.0,4.3,11,0.756,5.29
F-042,2026-08-23,Rice,Titan Hybrid,46,Flowering,31.0,24.5,6.66,90.0,37.4,76.8,26.2,69.1,0.0,19.5,24.5,18.1,0.0,4.3,10,0.793,6.01
F-042,2026-08-24,Rice,Titan Hybrid,47,Flowering,50.4,20.7,6.67,89.6,37.3,76.6,20.4,83.1,10.7,6.6,24.9,16.1,0.0,6.0,9,0.777,6.05
F-042,2026-08-25,Rice,Titan Hybrid,48,Flowering,45.2,25.2,6.58,89.2,37.2,76.5,27.3,57.3,0.0,17.1,20.2,0.0,0.0,5.8,11,0.752,5.88
F-042,2026-08-26,Rice,Titan Hybrid,49,Flowering,52.5,25.3,6.66,88.8,37.1,76.3,26.3,85.6,19.6,12.2,15.3,0.0,0.0,5.6,11,0.777,6.01
F-042,2026-08-27,Rice,Titan Hybrid,50,Grain/Pod Filling,52.2,20.6,6.75,88.4,37.0,76.2,21.1,75.0,3.9,20.4,17.8,0.0,0.0,5.3,11,0.798,5.51
F-042,2026-08-28,Rice,Titan Hybrid,51,Grain/Pod Filling,46.8,22.7,6.68,88.0,36.9,76.0,24.3,31.5,0.0,15.3,19.5,0.0,0.0,5.0,10,0.706,6.14
F-042,2026-08-29,Rice,Titan Hybrid,52,Grain/Pod Filling,50.7,19.6,6.64,87.6,36.8,75.9,20.9,63.7,9.6,13.5,14.8,0.0,0.0,5.0,7,0.753,5.78
F-042,2026-08-30,Rice,Titan Hybrid,53,Grain/Pod Filling,40.6,27.2,6.58,87.2,36.7,75.7,29.9,61.9,0.0,20.5,25.8,0.0,0.0,5.6,10,0.747,6.34
F-042,2026-08-31,Rice,Titan Hybrid,54,Grain/Pod Filling,33.4,27.0,6.75,86.8,36.6,75.6,29.3,62.6,0.0,8.7,26.9,0.0,0.0,5.2,13,0.773,6.14
F-042,2026-09-01,Rice,Titan Hybrid,55,Grain/Pod Filling,25.3,31.8,6.67,86.4,36.5,75.4,35.3,66.0,0.0,14.5,19.6,0.0,0.0,5.1,16,0.731,4.63
F-043,2026-08-18,Rice,Diamond Long-Grain,36,Flowering,48.5,24.7,7.3,96.7,17.8,168.1,26.0,66.2,0.0,10.5,27.4,0.0,0.0,5.2,9,0.801,5.89
F-043,2026-08-19,Rice,Diamond Long-Grain,37,Flowering,41.8,22.9,7.21,96.3,17.7,167.9,25.2,51.0,0.0,20.9,25.5,0.0,0.0,5.1,11,0.773,6.16
F-043,2026-08-20,Rice,Diamond Long-Grain,38,Flowering,41.7,18.9,7.25,95.9,17.6,167.8,21.1,71.0,4.6,24.5,22.5,0.0,0.0,5.5,13,0.797,5.35
F-043,2026-08-21,Rice,Diamond Long-Grain,39,Flowering,35.2,20.4,7.31,95.5,17.5,167.6,21.9,61.2,0.0,17.9,15.6,0.0,0.0,5.5,9,0.794,5.84
F-043,2026-08-22,Rice,Diamond Long-Grain,40,Flowering,31.2,27.6,7.31,171.8,40.4,182.8,28.7,81.1,0.0,20.8,25.5,0.0,76.6,5.8,6,0.774,6.2
F-043,2026-08-23,Rice,Diamond Long-Grain,41,Flowering,42.2,26.7,7.24,94.7,17.3,167.3,27.6,74.9,0.0,19.6,23.2,17.2,0.0,5.5,7,0.803,6.08
F-043,2026-08-24,Rice,Diamond Long-Grain,42,Flowering,34.3,23.5,7.29,94.3,17.2,167.2,26.9,62.6,0.0,18.3,12.9,0.0,0.0,5.9,8,0.769,5.68
F-043,2026-08-25,Rice,Diamond Long-Grain,43,Flowering,51.5,19.3,7.26,93.9,17.1,167.0,21.9,61.4,0.0,16.2,23.3,26.2,0.0,5.3,9,0.783,5.95
F-043,2026-08-26,Rice,Diamond Long-Grain,44,Flowering,47.4,23.4,7.25,93.5,17.0,166.9,25.9,84.5,0.0,17.4,23.9,0.0,0.0,4.5,10,0.794,5.65
F-043,2026-08-27,Rice,Diamond Long-Grain,45,Flowering,41.2,27.2,7.23,93.1,16.9,166.7,29.6,78.6,0.0,7.1,19.0,0.0,0.0,4.9,7,0.778,5.8
F-043,2026-08-28,Rice,Diamond Long-Grain,46,Flowering,30.2,28.1,7.33,92.7,16.8,166.6,31.2,49.9,0.0,16.7,20.8,0.0,0.0,5.0,7,0.726,5.7
F-043,2026-08-29,Rice,Diamond Long-Grain,47,Flowering,49.1,20.3,7.24,92.3,16.7,166.4,20.9,85.8,3.5,18.2,22.4,25.6,0.0,4.8,7,0.75,6.0
F-043,2026-08-30,Rice,Diamond Long-Grain,48,Flowering,42.6,23.0,7.33,91.9,16.6,166.3,25.2,52.4,0.0,18.4,14.3,0.0,0.0,3.6,6,0.794,6.05
F-043,2026-08-31,Rice,Diamond Long-Grain,49,Flowering,38.9,21.8,7.25,91.5,16.5,166.1,22.6,56.8,0.0,14.1,20.3,0.0,0.0,2.7,7,0.771,6.17
F-043,2026-09-01,Rice,Diamond Long-Grain,50,Grain/Pod Filling,61.6,22.0,7.26,91.1,16.4,166.0,23.1,60.2,0.0,13.8,24.3,31.4,0.0,2.4,8,0.788,5.6
F-044,2026-08-18,Wheat,LCS Sonic,75,Maturity,49.1,24.1,7.35,125.5,49.6,169.3,25.3,71.1,0.0,14.5,15.0,0.0,0.0,31.6,6,0.716,4.17
F-044,2026-08-19,Wheat,LCS Sonic,76,Maturity,42.2,21.8,7.33,125.1,49.5,169.1,22.9,71.6,0.0,3.8,20.5,0.0,0.0,33.4,6,0.75,4.04
F-044,2026-08-20,Wheat,LCS Sonic,77,Maturity,37.4,21.1,7.34,124.7,49.4,169.0,22.6,80.6,1.3,18.9,22.5,0.0,0.0,37.2,9,0.696,3.92
F-044,2026-08-21,Wheat,LCS Sonic,78,Maturity,45.0,28.9,7.34,124.3,49.3,168.8,30.8,68.6,0.0,10.5,23.7,17.9,0.0,40.5,11,0.721,3.85
F-044,2026-08-22,Wheat,LCS Sonic,79,Maturity,36.7,26.9,7.35,123.9,49.2,168.7,29.6,85.2,0.0,17.6,30.2,0.0,0.0,43.1,13,0.672,3.85
F-044,2026-08-23,Wheat,LCS Sonic,80,Maturity,54.6,23.7,7.38,123.5,49.1,168.5,25.7,69.9,0.0,14.7,22.3,29.9,0.0,46.5,9,0.701,4.02
F-044,2026-08-24,Wheat,LCS Sonic,81,Maturity,46.9,23.3,7.2,123.1,49.0,168.4,24.0,76.8,0.0,25.9,25.4,0.0,0.0,49.3,9,0.729,4.01
F-044,2026-08-25,Wheat,LCS Sonic,82,Maturity,48.1,20.2,7.32,122.7,48.9,168.2,22.3,98.0,8.2,13.7,18.5,0.0,0.0,52.4,9,0.699,3.58
F-044,2026-08-26,Wheat,LCS Sonic,83,Maturity,38.7,24.1,7.29,122.3,48.8,168.1,25.3,70.1,0.0,5.0,21.9,0.0,0.0,54.3,8,0.693,3.69
F-044,2026-08-27,Wheat,LCS Sonic,84,Maturity,52.7,21.7,7.31,121.9,48.7,167.9,23.0,58.6,0.0,15.5,27.5,23.6,0.0,55.1,5,0.68,3.54
F-044,2026-08-28,Wheat,LCS Sonic,85,Maturity,48.7,22.1,7.29,121.5,48.6,167.8,23.5,54.5,0.0,13.4,27.1,0.0,0.0,55.8,6,0.686,3.52
F-044,2026-08-29,Wheat,LCS Sonic,86,Maturity,41.2,24.7,7.27,121.1,48.5,167.6,26.3,67.2,0.0,13.6,24.6,0.0,0.0,59.7,6,0.724,3.58
F-044,2026-08-30,Wheat,LCS Sonic,87,Maturity,32.4,23.7,7.27,120.7,48.4,167.5,25.3,71.6,0.0,21.0,23.0,0.0,0.0,62.3,7,0.676,3.3
F-044,2026-08-31,Wheat,LCS Sonic,88,Maturity,29.5,18.4,7.35,120.3,48.3,167.3,20.0,67.4,0.0,13.2,24.8,0.0,0.0,65.0,5,0.629,3.07
F-044,2026-09-01,Wheat,LCS Sonic,89,Maturity,49.6,22.9,7.28,119.9,48.2,167.2,27.3,54.6,0.0,12.8,18.0,31.8,0.0,65.4,7,0.663,3.57
F-045,2026-08-18,Rice,Diamond Long-Grain,72,Grain/Pod Filling,67.5,17.6,6.31,26.7,44.5,96.5,19.0,77.3,17.9,13.3,10.5,0.0,0.0,5.0,76,0.725,4.77
F-045,2026-08-19,Rice,Diamond Long-Grain,73,Grain/Pod Filling,61.0,28.2,6.25,26.3,44.4,96.3,31.0,64.1,0.0,15.2,26.5,0.0,0.0,4.4,76,0.733,4.52
F-045,2026-08-20,Rice,Diamond Long-Grain,74,Grain/Pod Filling,72.6,20.9,6.39,25.9,44.3,96.2,23.3,86.8,22.5,17.5,18.9,0.0,0.0,5.0,76,0.763,4.93
F-045,2026-08-21,Rice,Diamond Long-Grain,75,Maturity,67.8,21.9,6.26,25.5,44.2,96.0,23.8,64.3,0.0,14.1,19.3,0.0,0.0,4.7,86,0.701,4.63
F-045,2026-08-22,Rice,Diamond Long-Grain,76,Maturity,60.6,23.9,6.23,25.1,44.1,95.9,23.4,70.1,0.0,9.9,16.8,0.0,0.0,5.4,86,0.7,4.38
F-045,2026-08-23,Rice,Diamond Long-Grain,77,Maturity,54.7,23.3,6.27,24.7,44.0,95.7,23.4,64.8,0.0,26.1,18.8,0.0,0.0,4.8,83,0.677,4.39
F-045,2026-08-24,Rice,Diamond Long-Grain,78,Maturity,51.1,19.7,6.34,24.3,43.9,95.6,21.5,59.9,0.0,23.9,20.2,0.0,0.0,4.9,87,0.675,4.28
F-045,2026-08-25,Rice,Diamond Long-Grain,79,Maturity,44.9,25.3,6.32,23.9,43.8,95.4,26.9,55.3,0.0,5.8,16.0,0.0,0.0,4.6,88,0.72,4.24
F-045,2026-08-26,Rice,Diamond Long-Grain,80,Maturity,36.2,25.3,6.24,23.5,43.7,95.3,26.7,63.0,0.0,20.4,22.3,0.0,0.0,4.5,96,0.683,4.29
F-045,2026-08-27,Rice,Diamond Long-Grain,81,Maturity,42.6,27.6,6.31,23.1,43.6,95.1,30.3,94.5,18.1,15.7,26.2,0.0,0.0,4.2,99,0.695,4.43
F-045,2026-08-28,Rice,Diamond Long-Grain,82,Maturity,32.8,31.7,6.2,22.7,43.5,95.0,34.0,47.4,0.0,10.1,27.7,0.0,0.0,2.7,98,0.665,3.4
F-045,2026-08-29,Rice,Diamond Long-Grain,83,Maturity,42.4,26.2,6.28,22.3,43.4,94.8,27.9,61.7,0.0,8.1,16.4,18.1,0.0,3.3,104,0.705,4.05
F-045,2026-08-30,Rice,Diamond Long-Grain,84,Maturity,51.8,25.6,6.24,21.9,43.3,94.7,27.4,91.5,21.6,6.4,19.0,0.0,0.0,3.3,105,0.679,4.04
F-045,2026-08-31,Rice,Diamond Long-Grain,85,Maturity,45.2,28.1,6.39,21.5,43.2,94.5,29.6,54.4,0.0,8.7,18.7,0.0,0.0,3.2,108,0.678,4.17
F-045,2026-09-01,Rice,Diamond Long-Grain,86,Maturity,38.8,25.6,6.36,21.1,43.1,94.4,27.0,67.1,0.0,4.1,18.6,0.0,0.0,2.9,119,0.682,3.81
F-046,2026-08-18,Rice,Titan Hybrid,45,Flowering,49.5,17.8,6.5,91.5,28.4,170.6,19.1,96.4,2.2,9.3,24.5,0.0,0.0,4.4,13,0.811,6.15
F-046,2026-08-19,Rice,Titan Hybrid,46,Flowering,43.1,24.1,6.45,91.1,28.3,170.4,24.8,58.7,0.0,14.1,12.9,0.0,0.0,4.2,14,0.783,6.13
F-046,2026-08-20,Rice,Titan Hybrid,47,Flowering,36.8,24.6,6.52,90.7,28.2,170.3,27.4,64.3,0.0,10.1,22.1,0.0,0.0,3.9,12,0.783,5.98
F-046,2026-08-21,Rice,Titan Hybrid,48,Flowering,56.6,23.2,6.53,90.3,28.1,170.1,26.2,98.0,7.6,15.2,26.1,21.4,0.0,4.0,10,0.764,6.07
F-046,2026-08-22,Rice,Titan Hybrid,49,Flowering,49.0,23.0,6.53,89.9,28.0,170.0,25.9,60.4,0.0,8.7,19.1,0.0,0.0,4.0,11,0.776,5.89
F-046,2026-08-23,Rice,Titan Hybrid,50,Grain/Pod Filling,44.6,21.3,6.54,89.5,27.9,169.8,21.5,52.0,0.0,10.3,20.8,0.0,0.0,4.0,13,0.759,5.99
F-046,2026-08-24,Rice,Titan Hybrid,51,Grain/Pod Filling,38.3,22.3,6.46,89.1,27.8,169.7,25.3,72.3,0.0,7.6,28.0,0.0,0.0,3.2,14,0.789,5.57
F-046,2026-08-25,Rice,Titan Hybrid,52,Grain/Pod Filling,45.4,27.0,6.48,88.7,27.7,169.5,29.0,67.6,0.0,12.2,26.8,16.2,0.0,3.0,15,0.763,6.21
F-046,2026-08-26,Rice,Titan Hybrid,53,Grain/Pod Filling,39.1,22.7,6.59,88.3,27.6,169.4,24.3,63.9,0.0,16.7,19.2,0.0,0.0,2.0,18,0.792,5.77
F-046,2026-08-27,Rice,Titan Hybrid,54,Grain/Pod Filling,51.1,25.3,6.51,87.9,27.5,169.2,27.3,59.1,0.0,10.3,16.4,21.9,0.0,2.0,14,0.812,5.85
F-046,2026-08-28,Rice,Titan Hybrid,55,Grain/Pod Filling,49.4,17.3,6.55,87.5,27.4,169.1,17.5,95.6,3.4,11.7,20.8,0.0,0.0,2.0,16,0.764,6.46
F-046,2026-08-29,Rice,Titan Hybrid,56,Grain/Pod Filling,48.1,23.0,6.46,87.1,27.3,168.9,23.4,87.3,7.0,13.1,16.5,0.0,0.0,2.7,14,0.774,5.83
F-046,2026-08-30,Rice,Titan Hybrid,57,Grain/Pod Filling,41.9,25.6,6.52,86.7,27.2,168.8,29.6,62.6,0.0,16.2,22.7,0.0,0.0,3.0,17,0.789,6.05
F-046,2026-08-31,Rice,Titan Hybrid,58,Grain/Pod Filling,33.7,23.2,6.61,86.3,27.1,168.6,24.9,55.5,0.0,14.8,28.0,0.0,0.0,3.2,19,0.782,6.0
F-046,2026-09-01,Rice,Titan Hybrid,59,Grain/Pod Filling,25.1,24.1,6.47,85.9,27.0,168.5,25.3,63.0,0.0,17.4,19.3,0.0,0.0,3.8,15,0.704,4.91
F-047,2026-08-18,Rice,Jupiter Medium,61,Grain/Pod Filling,49.9,24.6,6.45,116.3,33.3,84.8,26.0,57.3,0.0,11.8,22.0,0.0,0.0,4.7,19,0.771,5.64
F-047,2026-08-19,Rice,Jupiter Medium,62,Grain/Pod Filling,44.9,23.6,6.54,115.9,33.2,84.7,24.1,68.1,0.0,10.2,19.2,0.0,0.0,4.8,17,0.792,6.36
F-047,2026-08-20,Rice,Jupiter Medium,63,Grain/Pod Filling,35.9,21.7,6.48,115.5,33.1,84.5,23.6,71.6,0.0,11.1,26.5,0.0,0.0,4.4,17,0.767,6.02
F-047,2026-08-21,Rice,Jupiter Medium,64,Grain/Pod Filling,40.2,26.5,6.55,115.1,33.0,84.4,29.5,84.3,15.9,8.1,16.4,0.0,0.0,4.4,20,0.749,5.88
F-047,2026-08-22,Rice,Jupiter Medium,65,Grain/Pod Filling,37.5,21.3,6.46,114.7,32.9,84.2,21.0,79.7,1.8,13.0,27.9,0.0,0.0,4.8,17,0.775,5.75
F-047,2026-08-23,Rice,Jupiter Medium,66,Grain/Pod Filling,29.7,28.3,6.51,114.3,32.8,84.1,31.7,60.9,0.0,21.4,27.1,0.0,0.0,5.5,19,0.725,5.44
F-047,2026-08-24,Rice,Jupiter Medium,67,Grain/Pod Filling,22.3,29.5,6.58,113.9,32.7,83.9,31.5,64.5,0.0,9.5,18.8,0.0,0.0,4.8,15,0.75,5.06
F-047,2026-08-25,Rice,Jupiter Medium,68,Grain/Pod Filling,15.3,21.4,6.59,113.5,32.6,83.8,24.3,63.3,0.0,5.3,18.8,0.0,0.0,5.5,16,0.754,4.57
F-047,2026-08-26,Rice,Jupiter Medium,69,Grain/Pod Filling,24.1,30.0,6.53,113.1,32.5,83.6,31.5,56.4,0.0,21.7,23.0,19.2,0.0,5.5,12,0.743,5.33
F-047,2026-08-27,Rice,Jupiter Medium,70,Grain/Pod Filling,45.0,23.6,6.54,112.7,32.4,83.5,24.0,72.0,0.0,16.0,18.6,30.5,0.0,5.5,8,0.791,5.68
F-047,2026-08-28,Rice,Jupiter Medium,71,Grain/Pod Filling,37.1,26.0,6.44,112.3,32.3,83.3,28.6,78.9,0.0,9.0,22.3,0.0,0.0,5.8,6,0.796,5.64
F-047,2026-08-29,Rice,Jupiter Medium,72,Grain/Pod Filling,30.5,24.7,6.59,111.9,32.2,83.2,26.0,78.2,0.0,18.4,22.8,0.0,0.0,5.9,2,0.788,6.06
F-047,2026-08-30,Rice,Jupiter Medium,73,Grain/Pod Filling,76.4,23.9,6.58,111.5,32.1,83.0,26.1,83.0,64.9,12.5,8.0,0.0,0.0,6.1,2,0.81,6.38
F-047,2026-08-31,Rice,Jupiter Medium,74,Grain/Pod Filling,69.0,26.6,6.53,111.1,32.0,82.9,28.3,82.1,0.0,15.0,13.6,0.0,0.0,5.9,2,0.764,6.08
F-047,2026-09-01,Rice,Jupiter Medium,75,Maturity,65.5,22.8,6.39,110.7,31.9,82.7,25.1,94.6,6.7,11.3,16.0,0.0,0.0,6.0,5,0.772,6.19
F-048,2026-08-18,Wheat,WB9719,41,Flowering,56.2,22.0,7.03,108.3,57.0,148.3,22.6,70.9,9.6,9.9,15.6,0.0,0.0,5.4,15,0.787,4.4
F-048,2026-08-19,Wheat,WB9719,42,Flowering,59.3,22.7,6.95,107.9,56.9,148.1,22.8,82.8,9.8,13.0,21.1,0.0,0.0,5.3,16,0.77,4.46
F-048,2026-08-20,Wheat,WB9719,43,Flowering,50.6,21.4,6.98,107.5,56.8,148.0,23.6,63.5,0.0,16.5,23.7,0.0,0.0,5.3,12,0.769,4.45
F-048,2026-08-21,Wheat,WB9719,44,Flowering,42.8,22.0,6.97,107.1,56.7,147.8,23.7,61.7,0.0,17.9,23.5,0.0,0.0,5.7,14,0.753,4.4
F-048,2026-08-22,Wheat,WB9719,45,Flowering,34.6,27.3,7.03,106.7,56.6,147.7,29.0,72.4,0.0,14.6,26.6,0.0,0.0,4.8,11,0.766,4.66
F-048,2026-08-23,Wheat,WB9719,46,Flowering,50.5,24.5,7.04,106.3,56.5,147.5,27.7,50.6,0.0,28.3,18.4,26.3,0.0,5.0,11,0.758,4.61
F-048,2026-08-24,Wheat,WB9719,47,Flowering,42.8,25.8,6.89,105.9,56.4,147.4,26.9,65.3,0.0,14.2,12.6,0.0,0.0,5.8,9,0.75,4.34
F-048,2026-08-25,Wheat,WB9719,48,Flowering,35.5,26.4,7.0,105.5,56.3,147.2,28.0,62.3,0.0,4.5,24.5,0.0,0.0,6.4,10,0.777,4.12
F-048,2026-08-26,Wheat,WB9719,49,Flowering,30.5,22.4,7.01,105.1,56.2,147.1,23.3,49.2,0.0,12.0,19.0,0.0,0.0,6.6,8,0.757,4.25
F-048,2026-08-27,Wheat,WB9719,50,Grain/Pod Filling,36.8,25.6,6.98,104.7,56.1,146.9,27.2,70.6,0.0,14.2,13.6,15.1,0.0,6.5,9,0.807,4.21
F-048,2026-08-28,Wheat,WB9719,51,Grain/Pod Filling,59.5,26.7,6.96,104.3,56.0,146.8,28.3,54.4,0.0,18.8,19.4,34.5,0.0,6.8,6,0.784,4.41
F-048,2026-08-29,Wheat,WB9719,52,Grain/Pod Filling,80.1,22.4,6.98,103.9,55.9,146.6,24.8,67.5,30.6,12.1,8.0,0.0,0.0,7.0,4,0.776,4.22
F-048,2026-08-30,Wheat,WB9719,53,Grain/Pod Filling,72.4,22.7,6.93,103.5,55.8,146.5,25.4,61.8,0.0,23.4,20.5,0.0,0.0,7.2,2,0.774,4.63
F-048,2026-08-31,Wheat,WB9719,54,Grain/Pod Filling,67.5,23.9,6.98,103.1,55.7,146.3,26.3,60.1,0.0,16.1,18.2,0.0,0.0,7.6,2,0.778,4.53
F-048,2026-09-01,Wheat,WB9719,55,Grain/Pod Filling,60.6,20.4,7.06,102.7,55.6,146.2,22.2,76.0,0.0,23.3,27.2,0.0,0.0,7.4,3,0.811,4.53
F-049,2026-08-18,Wheat,SY Monument,75,Maturity,49.0,27.2,6.22,48.8,20.6,114.5,31.6,71.4,0.0,14.9,22.2,0.0,0.0,4.5,11,0.791,4.57
F-049,2026-08-19,Wheat,SY Monument,76,Maturity,40.9,27.7,6.17,48.4,20.5,114.4,31.0,88.5,0.0,6.1,22.3,0.0,0.0,4.9,14,0.753,4.42
F-049,2026-08-20,Wheat,SY Monument,77,Maturity,36.4,25.4,6.11,48.0,20.4,114.2,27.6,62.1,0.0,20.0,21.9,0.0,0.0,5.4,16,0.77,4.35
F-049,2026-08-21,Wheat,SY Monument,78,Maturity,49.0,23.7,6.24,47.6,20.3,114.1,25.4,88.3,0.0,12.7,20.2,20.8,0.0,5.0,19,0.767,4.56
F-049,2026-08-22,Wheat,SY Monument,79,Maturity,40.6,23.0,6.23,47.2,20.2,113.9,24.9,75.3,0.0,10.0,18.2,0.0,0.0,4.8,22,0.747,4.24
F-049,2026-08-23,Wheat,SY Monument,80,Maturity,34.1,24.5,6.02,46.8,20.1,113.8,25.3,61.8,0.0,20.0,22.2,0.0,0.0,4.2,25,0.72,4.09
F-049,2026-08-24,Wheat,SY Monument,81,Maturity,29.0,24.4,6.15,46.4,20.0,113.6,26.1,53.6,0.0,11.9,28.0,0.0,0.0,4.8,27,0.707,3.52
F-049,2026-08-25,Wheat,SY Monument,82,Maturity,44.9,22.7,6.17,46.0,19.9,113.5,25.6,84.6,0.3,12.8,29.9,24.2,0.0,4.2,24,0.783,4.3
F-049,2026-08-26,Wheat,SY Monument,83,Maturity,42.4,19.0,6.1,45.6,19.8,113.3,19.2,73.2,2.8,11.3,22.8,0.0,0.0,4.1,26,0.775,4.64
F-049,2026-08-27,Wheat,SY Monument,84,Maturity,35.4,24.9,6.2,45.2,19.7,113.2,26.0,54.6,0.0,19.1,24.0,0.0,0.0,4.2,23,0.787,4.29
F-049,2026-08-28,Wheat,SY Monument,85,Maturity,59.5,22.2,6.09,44.8,19.6,113.0,23.8,57.1,0.0,18.3,20.4,31.0,0.0,4.4,20,0.765,4.26
F-049,2026-08-29,Wheat,SY Monument,86,Maturity,53.8,22.2,6.16,44.4,19.5,112.9,23.1,43.9,0.0,14.4,17.6,0.0,0.0,4.2,16,0.781,4.38
F-049,2026-08-30,Wheat,SY Monument,87,Maturity,47.9,23.8,6.23,44.0,19.4,112.7,26.1,63.3,0.0,19.8,26.7,0.0,0.0,4.3,17,0.797,4.34
F-049,2026-08-31,Wheat,SY Monument,88,Maturity,49.3,23.7,6.15,43.6,19.3,112.6,24.9,84.7,10.5,23.1,18.3,0.0,0.0,4.5,14,0.803,4.41
F-049,2026-09-01,Wheat,SY Monument,89,Maturity,52.7,22.2,6.14,43.2,19.2,112.4,22.4,75.6,11.6,14.4,12.7,0.0,0.0,5.5,12,0.782,4.26
F-050,2026-08-18,Wheat,LCS Sonic,42,Flowering,48.9,21.7,6.04,162.9,28.7,172.3,23.7,66.0,0.0,12.9,15.9,0.0,0.0,4.5,19,0.784,4.5
F-050,2026-08-19,Wheat,LCS Sonic,43,Flowering,42.4,27.8,6.03,162.5,28.6,172.2,30.9,61.2,0.0,16.3,14.7,0.0,0.0,3.8,19,0.779,4.5
F-050,2026-08-20,Wheat,LCS Sonic,44,Flowering,36.7,22.2,6.03,162.1,28.5,172.0,24.1,60.0,0.0,6.4,17.6,0.0,0.0,4.1,16,0.781,4.41
F-050,2026-08-21,Wheat,LCS Sonic,45,Flowering,27.2,25.1,6.02,161.7,28.4,171.9,26.0,62.5,0.0,10.8,18.4,0.0,0.0,3.9,16,0.734,4.05
F-050,2026-08-22,Wheat,LCS Sonic,46,Flowering,23.3,23.2,6.06,161.3,28.3,171.7,23.3,60.3,0.0,19.6,15.5,0.0,0.0,2.3,14,0.741,3.93
F-050,2026-08-23,Wheat,LCS Sonic,47,Flowering,40.2,27.0,6.12,160.9,28.2,171.6,27.4,74.2,0.0,12.6,23.0,26.4,0.0,2.0,14,0.795,4.32
F-050,2026-08-24,Wheat,LCS Sonic,48,Flowering,36.8,22.0,5.99,160.5,28.1,171.4,23.3,46.6,3.9,20.2,18.8,0.0,0.0,2.3,11,0.753,4.5
F-050,2026-08-25,Wheat,LCS Sonic,49,Flowering,51.1,22.5,6.06,160.1,28.0,171.3,25.1,85.9,4.2,15.2,14.9,18.1,0.0,3.4,13,0.824,4.55
F-050,2026-08-26,Wheat,LCS Sonic,50,Grain/Pod Filling,48.4,21.1,5.91,159.7,27.9,171.1,23.6,60.3,0.0,18.6,20.3,0.0,0.0,3.3,16,0.792,4.67
F-050,2026-08-27,Wheat,LCS Sonic,51,Grain/Pod Filling,41.0,24.1,6.02,159.3,27.8,171.0,26.9,62.0,0.0,6.5,26.8,0.0,0.0,2.9,18,0.809,4.47
F-050,2026-08-28,Wheat,LCS Sonic,52,Grain/Pod Filling,34.4,25.6,6.01,158.9,27.7,170.8,26.0,63.3,0.0,20.7,21.4,0.0,0.0,3.3,19,0.84,4.31
F-050,2026-08-29,Wheat,LCS Sonic,53,Grain/Pod Filling,56.0,29.5,6.06,158.5,27.6,170.7,33.0,54.6,0.0,8.8,24.6,33.2,0.0,2.2,22,0.748,4.39
F-050,2026-08-30,Wheat,LCS Sonic,54,Grain/Pod Filling,48.3,26.1,6.09,158.1,27.5,170.5,28.6,66.7,0.0,16.9,19.9,0.0,0.0,2.0,25,0.779,4.21
F-050,2026-08-31,Wheat,LCS Sonic,55,Grain/Pod Filling,41.6,28.8,6.01,157.7,27.4,170.4,30.6,69.6,0.0,14.3,19.0,0.0,0.0,2.2,25,0.751,4.54
F-050,2026-09-01,Wheat,LCS Sonic,56,Grain/Pod Filling,35.8,21.2,6.04,157.3,27.3,170.2,22.4,58.7,0.0,4.5,31.5,0.0,0.0,3.0,22,0.778,4.05
F-051,2026-08-18,Wheat,SY Monument,69,Grain/Pod Filling,47.5,23.7,5.9,38.9,54.4,189.4,26.3,59.5,0.0,6.0,18.7,0.0,0.0,5.5,14,0.778,4.43
F-051,2026-08-19,Wheat,SY Monument,70,Grain/Pod Filling,42.3,22.5,6.06,38.5,54.3,189.2,25.8,79.5,0.0,17.4,21.2,0.0,0.0,5.1,16,0.764,4.41
F-051,2026-08-20,Wheat,SY Monument,71,Grain/Pod Filling,40.9,23.0,5.98,38.1,54.2,189.1,24.2,76.3,5.7,4.7,22.9,0.0,0.0,5.5,12,0.793,3.78
F-051,2026-08-21,Wheat,SY Monument,72,Grain/Pod Filling,32.4,24.4,5.93,37.7,54.1,188.9,25.6,82.6,0.0,20.1,18.1,0.0,0.0,5.6,8,0.767,4.18
F-051,2026-08-22,Wheat,SY Monument,73,Grain/Pod Filling,53.3,21.0,6.05,37.3,54.0,188.8,21.7,64.2,0.0,16.1,20.8,26.3,0.0,6.1,4,0.792,4.51
F-051,2026-08-23,Wheat,SY Monument,74,Grain/Pod Filling,49.3,25.2,5.88,36.9,53.9,188.6,26.3,84.4,2.8,9.5,23.5,0.0,0.0,5.5,4,0.776,4.26
F-051,2026-08-24,Wheat,SY Monument,75,Maturity,41.1,23.0,5.88,36.5,53.8,188.5,24.9,69.9,0.0,20.5,23.6,0.0,0.0,5.2,3,0.783,4.12
F-051,2026-08-25,Wheat,SY Monument,76,Maturity,36.1,22.8,6.01,36.1,53.7,188.3,22.8,73.1,0.0,15.2,26.0,0.0,0.0,4.5,2,0.791,4.11
F-051,2026-08-26,Wheat,SY Monument,77,Maturity,32.4,19.3,5.98,35.7,53.6,188.2,20.3,57.0,0.0,16.3,25.3,0.0,0.0,4.9,2,0.796,3.93
F-051,2026-08-27,Wheat,SY Monument,78,Maturity,48.6,24.1,6.03,35.3,53.5,188.0,25.9,67.3,0.0,19.8,21.6,23.9,0.0,4.3,2,0.84,4.64
F-051,2026-08-28,Wheat,SY Monument,79,Maturity,41.0,21.8,5.97,34.9,53.4,187.9,23.9,81.8,0.0,13.0,21.5,0.0,0.0,3.1,2,0.779,4.27
F-051,2026-08-29,Wheat,SY Monument,80,Maturity,34.2,24.9,5.9,34.5,53.3,187.7,27.1,53.0,0.0,16.2,24.5,0.0,0.0,3.6,2,0.77,4.27
F-051,2026-08-30,Wheat,SY Monument,81,Maturity,27.0,26.7,6.05,34.1,53.2,187.6,27.9,60.6,0.0,12.3,20.2,0.0,0.0,3.5,3,0.793,3.74
F-051,2026-08-31,Wheat,SY Monument,82,Maturity,37.0,25.3,5.96,33.7,53.1,187.4,27.7,66.4,0.0,9.0,18.5,19.8,0.0,3.0,3,0.806,4.32
F-051,2026-09-01,Wheat,SY Monument,83,Maturity,30.8,24.1,5.87,33.3,53.0,187.3,26.6,82.4,0.0,11.9,22.2,0.0,0.0,2.8,2,0.789,3.72
F-052,2026-08-18,Rice,Titan Hybrid,61,Grain/Pod Filling,57.8,20.8,6.06,126.6,25.3,139.8,22.7,83.6,6.7,19.4,23.9,0.0,0.0,4.5,19,0.78,5.61
F-052,2026-08-19,Rice,Titan Hybrid,62,Grain/Pod Filling,53.4,22.1,6.11,126.2,25.2,139.7,23.0,56.2,0.0,21.8,21.9,0.0,0.0,3.9,19,0.789,6.18
F-052,2026-08-20,Rice,Titan Hybrid,63,Grain/Pod Filling,49.1,20.7,6.09,125.8,25.1,139.5,23.0,95.3,3.0,18.8,25.4,0.0,0.0,4.4,17,0.764,5.84
F-052,2026-08-21,Rice,Titan Hybrid,64,Grain/Pod Filling,56.9,16.9,6.09,125.4,25.0,139.4,18.9,93.1,14.4,8.6,23.3,0.0,0.0,4.4,19,0.754,5.95
F-052,2026-08-22,Rice,Titan Hybrid,65,Grain/Pod Filling,69.6,25.0,6.08,209.5,50.3,156.1,27.8,97.7,21.5,17.5,16.0,0.0,84.5,4.0,18,0.787,6.3
F-052,2026-08-23,Rice,Titan Hybrid,66,Grain/Pod Filling,62.3,21.5,6.05,124.6,24.8,139.1,22.9,62.9,0.0,14.5,30.6,0.0,0.0,3.7,19,0.743,5.85
F-052,2026-08-24,Rice,Titan Hybrid,67,Grain/Pod Filling,56.9,22.5,6.04,124.2,24.7,138.9,22.9,65.5,0.0,5.5,25.8,0.0,0.0,3.5,16,0.82,5.84
F-052,2026-08-25,Rice,Titan Hybrid,68,Grain/Pod Filling,51.9,30.3,6.15,123.8,24.6,138.8,32.5,97.3,1.7,19.9,26.1,0.0,0.0,3.5,14,0.766,6.16
F-052,2026-08-26,Rice,Titan Hybrid,69,Grain/Pod Filling,45.5,25.1,6.09,123.4,24.5,138.6,27.7,67.5,0.0,12.5,21.4,0.0,0.0,3.5,13,0.76,5.88
F-052,2026-08-27,Rice,Titan Hybrid,70,Grain/Pod Filling,39.8,24.1,6.03,123.0,24.4,138.5,28.0,53.4,0.0,22.8,21.1,0.0,0.0,4.0,11,0.818,5.96
F-052,2026-08-28,Rice,Titan Hybrid,71,Grain/Pod Filling,62.0,23.4,5.97,122.6,24.3,138.3,25.3,79.5,0.0,5.8,20.7,31.4,0.0,4.6,7,0.752,6.11
F-052,2026-08-29,Rice,Titan Hybrid,72,Grain/Pod Filling,53.7,25.6,6.01,122.2,24.2,138.2,28.1,75.7,0.0,13.9,27.9,0.0,0.0,4.4,9,0.805,5.88
F-052,2026-08-30,Rice,Titan Hybrid,73,Grain/Pod Filling,49.1,25.2,6.02,121.8,24.1,138.0,28.0,89.6,0.0,13.5,24.8,0.0,0.0,4.0,7,0.799,6.07
F-052,2026-08-31,Rice,Titan Hybrid,74,Grain/Pod Filling,43.9,20.1,6.01,121.4,24.0,137.9,20.2,82.7,0.0,14.6,19.5,0.0,0.0,4.5,7,0.814,5.85
F-052,2026-09-01,Rice,Titan Hybrid,75,Maturity,63.7,18.5,6.11,121.0,23.9,137.7,18.9,97.7,31.8,8.3,11.3,0.0,0.0,5.3,8,0.766,6.11
F-053,2026-08-18,Rice,Jupiter Medium,80,Maturity,50.8,22.8,7.0,134.6,58.3,114.8,23.6,69.3,0.0,8.3,20.8,0.0,0.0,30.1,7,0.712,5.67
F-053,2026-08-19,Rice,Jupiter Medium,81,Maturity,47.2,20.9,7.01,134.2,58.2,114.7,21.2,55.2,0.0,15.9,25.2,0.0,0.0,31.2,6,0.763,5.6
F-053,2026-08-20,Rice,Jupiter Medium,82,Maturity,40.2,27.2,7.01,133.8,58.1,114.5,28.8,73.2,0.0,15.0,25.7,0.0,0.0,33.9,8,0.741,5.54
F-053,2026-08-21,Rice,Jupiter Medium,83,Maturity,35.5,20.9,6.99,133.4,58.0,114.4,22.1,78.8,0.0,15.1,22.3,0.0,0.0,37.8,7,0.71,4.7
F-053,2026-08-22,Rice,Jupiter Medium,84,Maturity,39.3,22.7,7.02,133.0,57.9,114.2,23.5,81.1,14.7,9.5,15.8,0.0,0.0,39.3,4,0.716,5.66
F-053,2026-08-23,Rice,Jupiter Medium,85,Maturity,31.3,25.8,6.99,132.6,57.8,114.1,26.5,70.7,0.0,22.7,24.7,0.0,0.0,42.6,3,0.725,4.63
F-053,2026-08-24,Rice,Jupiter Medium,86,Maturity,45.3,26.4,7.03,132.2,57.7,113.9,27.8,58.8,0.0,19.5,22.5,26.9,0.0,43.0,2,0.684,5.05
F-053,2026-08-25,Rice,Jupiter Medium,87,Maturity,38.1,24.5,6.98,131.8,57.6,113.8,26.4,44.0,0.0,16.1,21.1,0.0,0.0,43.5,2,0.708,5.21
F-053,2026-08-26,Rice,Jupiter Medium,88,Maturity,58.4,19.4,7.0,131.4,57.5,113.6,20.1,92.0,2.0,15.6,9.5,23.8,0.0,45.3,4,0.702,4.85
F-053,2026-08-27,Rice,Jupiter Medium,89,Maturity,53.2,24.4,6.93,131.0,57.4,113.5,24.7,44.6,0.0,18.4,24.2,0.0,0.0,46.3,2,0.698,5.32
F-053,2026-08-28,Rice,Jupiter Medium,90,Maturity,49.7,15.6,7.07,130.6,57.3,113.3,16.3,81.2,0.0,13.5,24.3,0.0,0.0,48.8,5,0.689,5.18
F-053,2026-08-29,Rice,Jupiter Medium,91,Maturity,42.2,22.1,7.02,130.2,57.2,113.2,23.2,71.6,0.0,17.9,24.1,0.0,0.0,52.4,6,0.646,4.84
F-053,2026-08-30,Rice,Jupiter Medium,92,Maturity,36.0,21.0,7.09,129.8,57.1,113.0,22.7,43.8,0.0,8.0,27.7,0.0,0.0,52.7,7,0.693,4.73
F-053,2026-08-31,Rice,Jupiter Medium,93,Maturity,48.9,26.9,6.95,129.4,57.0,112.9,29.2,61.2,0.0,14.3,20.9,23.3,0.0,53.9,7,0.703,4.85
F-053,2026-09-01,Rice,Jupiter Medium,94,Maturity,42.5,17.6,7.02,129.0,56.9,112.7,18.3,64.8,0.0,8.0,29.3,0.0,0.0,54.4,8,0.694,5.07
F-054,2026-08-18,Wheat,SY Monument,61,Grain/Pod Filling,50.5,19.7,6.22,48.3,30.2,90.8,22.0,57.5,0.0,15.2,24.2,0.0,0.0,5.3,12,0.788,4.13
F-054,2026-08-19,Wheat,SY Monument,62,Grain/Pod Filling,42.2,21.0,6.22,47.9,30.1,90.6,23.9,60.1,0.0,18.7,28.0,0.0,0.0,5.4,14,0.78,4.3
F-054,2026-08-20,Wheat,SY Monument,63,Grain/Pod Filling,36.6,20.1,6.16,47.5,30.0,90.5,21.2,93.3,0.6,17.6,21.3,0.0,0.0,4.6,11,0.784,4.07
F-054,2026-08-21,Wheat,SY Monument,64,Grain/Pod Filling,31.2,18.7,6.21,47.1,29.9,90.3,19.6,68.0,0.0,14.7,27.6,0.0,0.0,4.7,9,0.75,4.14
F-054,2026-08-22,Wheat,SY Monument,65,Grain/Pod Filling,41.4,29.7,6.25,120.1,51.8,104.8,33.8,45.9,0.0,14.0,20.4,21.9,73.4,4.2,9,0.757,4.35
F-054,2026-08-23,Wheat,SY Monument,66,Grain/Pod Filling,33.7,27.2,6.23,46.3,29.7,90.0,30.0,70.5,0.0,15.5,23.4,0.0,0.0,4.2,5,0.776,4.31
F-054,2026-08-24,Wheat,SY Monument,67,Grain/Pod Filling,47.6,24.8,6.22,45.9,29.6,89.9,26.7,78.0,0.0,16.8,16.1,21.5,0.0,4.3,7,0.765,4.63
F-054,2026-08-25,Wheat,SY Monument,68,Grain/Pod Filling,43.1,22.0,6.23,45.5,29.5,89.7,23.3,72.3,0.0,6.3,18.8,0.0,0.0,4.0,8,0.745,4.6
F-054,2026-08-26,Wheat,SY Monument,69,Grain/Pod Filling,37.2,18.4,6.25,45.1,29.4,89.6,20.6,63.6,0.0,9.8,17.7,0.0,0.0,4.4,9,0.776,4.17
F-054,2026-08-27,Wheat,SY Monument,70,Grain/Pod Filling,34.9,18.4,6.27,44.7,29.3,89.4,18.2,89.4,1.4,10.2,8.9,0.0,0.0,3.9,9,0.828,4.36
F-054,2026-08-28,Wheat,SY Monument,71,Grain/Pod Filling,42.4,23.8,6.22,44.3,29.2,89.3,26.2,98.0,17.4,18.4,10.6,0.0,0.0,2.8,6,0.77,4.61
F-054,2026-08-29,Wheat,SY Monument,72,Grain/Pod Filling,36.3,26.6,6.27,43.9,29.1,89.1,29.7,53.4,0.0,12.2,20.7,0.0,0.0,2.7,7,0.782,4.47
F-054,2026-08-30,Wheat,SY Monument,73,Grain/Pod Filling,44.6,25.1,6.27,43.5,29.0,89.0,25.7,69.5,0.0,13.2,21.8,15.3,0.0,2.3,5,0.779,4.55
F-054,2026-08-31,Wheat,SY Monument,74,Grain/Pod Filling,41.2,21.4,6.16,43.1,28.9,88.8,23.8,73.1,0.0,13.4,21.1,0.0,0.0,2.0,2,0.782,4.1
F-054,2026-09-01,Wheat,SY Monument,75,Maturity,37.7,21.4,6.2,42.7,28.8,88.7,21.3,54.2,0.0,15.7,21.8,0.0,0.0,2.0,2,0.817,4.53
F-055,2026-08-18,Soybean,Brevant B281EE,75,Maturity,46.8,26.3,6.26,78.3,56.7,204.3,28.8,68.8,0.0,19.1,25.8,0.0,0.0,4.7,3,0.793,3.61
F-055,2026-08-19,Soybean,Brevant B281EE,76,Maturity,39.0,25.8,6.13,77.9,56.6,204.2,26.7,81.1,0.0,20.4,22.5,0.0,0.0,4.6,2,0.768,3.82
F-055,2026-08-20,Soybean,Brevant B281EE,77,Maturity,52.9,21.7,6.09,77.5,56.5,204.0,24.0,62.0,0.0,15.3,25.4,21.6,0.0,4.4,4,0.774,3.82
F-055,2026-08-21,Soybean,Brevant B281EE,78,Maturity,46.5,24.4,6.22,77.1,56.4,203.9,25.0,64.5,0.0,16.1,17.5,0.0,0.0,4.2,7,0.759,3.81
F-055,2026-08-22,Soybean,Brevant B281EE,79,Maturity,39.0,19.8,6.19,76.7,56.3,203.7,20.6,53.8,0.0,15.0,18.2,0.0,0.0,4.4,7,0.781,3.71
F-055,2026-08-23,Soybean,Brevant B281EE,80,Maturity,33.8,22.1,6.22,76.3,56.2,203.6,24.6,81.3,2.9,9.5,23.1,0.0,0.0,4.9,6,0.775,3.92
F-055,2026-08-24,Soybean,Brevant B281EE,81,Maturity,25.1,24.8,6.21,75.9,56.1,203.4,25.5,74.8,0.0,14.5,23.8,0.0,0.0,5.4,2,0.77,3.5
F-055,2026-08-25,Soybean,Brevant B281EE,82,Maturity,23.3,24.6,6.22,75.5,56.0,203.3,30.1,98.0,6.1,17.5,18.2,0.0,0.0,4.4,5,0.757,3.37
F-055,2026-08-26,Soybean,Brevant B281EE,83,Maturity,17.1,27.1,6.25,75.1,55.9,203.1,28.1,53.2,0.0,12.1,24.2,0.0,0.0,5.2,8,0.695,2.83
F-055,2026-08-27,Soybean,Brevant B281EE,84,Maturity,9.0,30.6,6.18,74.7,55.8,203.0,32.5,70.4,0.0,12.6,18.1,0.0,0.0,5.7,7,0.661,2.46
F-055,2026-08-28,Soybean,Brevant B281EE,85,Maturity,31.8,24.2,6.28,74.3,55.7,202.8,25.6,64.3,0.0,10.1,20.1,32.3,0.0,6.5,3,0.782,4.02
F-055,2026-08-29,Soybean,Brevant B281EE,86,Maturity,22.0,27.1,6.17,73.9,55.6,202.7,30.3,85.1,0.0,13.3,22.5,0.0,0.0,6.2,2,0.727,3.05
F-055,2026-08-30,Soybean,Brevant B281EE,87,Maturity,47.0,25.0,6.21,73.5,55.5,202.5,27.3,66.2,0.0,14.7,18.7,33.1,0.0,5.4,2,0.8,3.83
F-055,2026-08-31,Soybean,Brevant B281EE,88,Maturity,39.8,23.4,6.26,73.1,55.4,202.4,27.1,70.7,0.0,9.4,29.1,0.0,0.0,6.4,2,0.781,3.85
F-055,2026-09-01,Soybean,Brevant B281EE,89,Maturity,51.7,25.7,6.29,72.7,55.3,202.2,28.5,58.1,0.0,11.7,23.1,21.4,0.0,6.4,2,0.78,3.98
F-056,2026-08-18,Wheat,SY Monument,31,Flowering,48.3,25.1,6.33,155.1,28.8,96.3,25.4,64.3,0.0,14.8,17.5,0.0,0.0,4.9,18,0.8,4.54
F-056,2026-08-19,Wheat,SY Monument,32,Flowering,41.7,24.3,6.34,154.7,28.7,96.2,24.9,41.5,0.0,5.6,20.4,0.0,0.0,5.2,19,0.755,4.41
F-056,2026-08-20,Wheat,SY Monument,33,Flowering,34.8,23.3,6.37,154.3,28.6,96.0,24.8,88.3,0.0,22.3,20.1,0.0,0.0,5.0,21,0.808,4.48
F-056,2026-08-21,Wheat,SY Monument,34,Flowering,47.9,22.5,6.44,153.9,28.5,95.9,23.0,65.2,0.0,2.0,20.4,18.4,0.0,5.7,20,0.765,4.36
F-056,2026-08-22,Wheat,SY Monument,35,Flowering,41.3,20.8,6.32,153.5,28.4,95.7,23.8,77.0,0.0,16.5,25.6,0.0,0.0,5.4,16,0.744,4.63
F-056,2026-08-23,Wheat,SY Monument,36,Flowering,34.1,26.3,6.46,153.1,28.3,95.6,29.8,71.3,0.0,10.2,21.3,0.0,0.0,5.2,17,0.773,4.14
F-056,2026-08-24,Wheat,SY Monument,37,Flowering,56.4,29.0,6.36,152.7,28.2,95.4,31.1,68.8,0.0,9.8,17.1,33.5,0.0,4.7,18,0.812,4.32
F-056,2026-08-25,Wheat,SY Monument,38,Flowering,53.5,19.7,6.39,152.3,28.1,95.3,20.6,58.0,0.0,14.8,31.6,0.0,0.0,3.9,14,0.764,4.49
F-056,2026-08-26,Wheat,SY Monument,39,Flowering,64.7,20.1,6.39,151.9,28.0,95.1,20.1,74.0,24.0,27.8,11.4,0.0,0.0,4.7,14,0.782,4.62
F-056,2026-08-27,Wheat,SY Monument,40,Flowering,58.0,21.5,6.39,233.1,52.5,111.3,24.6,39.1,0.0,13.5,24.4,0.0,81.7,4.7,13,0.793,4.41
F-056,2026-08-28,Wheat,SY Monument,41,Flowering,51.8,24.2,6.42,151.1,27.8,94.8,26.3,54.9,0.0,9.8,24.8,0.0,0.0,3.4,10,0.771,4.27
F-056,2026-08-29,Wheat,SY Monument,42,Flowering,46.1,25.5,6.38,150.7,27.7,94.7,28.4,68.5,0.0,18.6,27.0,0.0,0.0,4.1,7,0.786,4.37
F-056,2026-08-30,Wheat,SY Monument,43,Flowering,42.1,24.7,6.46,150.3,27.6,94.5,26.5,54.4,0.0,8.1,26.1,0.0,0.0,4.4,6,0.775,4.35
F-056,2026-08-31,Wheat,SY Monument,44,Flowering,36.2,26.5,6.44,149.9,27.5,94.4,29.1,53.3,0.0,17.4,23.8,0.0,0.0,4.7,2,0.82,4.35
F-056,2026-09-01,Wheat,SY Monument,45,Flowering,61.4,21.3,6.48,149.5,27.4,94.2,22.1,64.3,0.0,11.7,17.6,34.9,0.0,4.5,5,0.775,4.33
F-057,2026-08-18,Cotton,Deltapine DP1646,45,Flowering,49.1,22.9,7.3,117.4,37.3,181.7,23.6,64.4,0.0,11.1,22.1,0.0,0.0,4.5,12,0.78,2.12
F-057,2026-08-19,Cotton,Deltapine DP1646,46,Flowering,39.7,22.5,7.29,117.0,37.2,181.6,24.4,62.4,0.0,4.5,15.2,0.0,0.0,4.7,10,0.793,2.01
F-057,2026-08-20,Cotton,Deltapine DP1646,47,Flowering,31.9,26.1,7.32,116.6,37.1,181.4,27.7,54.9,0.0,14.8,26.7,0.0,0.0,4.5,9,0.776,2.17
F-057,2026-08-21,Cotton,Deltapine DP1646,48,Flowering,41.3,27.2,7.25,116.2,37.0,181.3,29.7,74.9,0.0,2.0,14.1,19.8,0.0,4.3,8,0.753,2.21
F-057,2026-08-22,Cotton,Deltapine DP1646,49,Flowering,33.1,24.0,7.14,115.8,36.9,181.1,27.2,56.9,0.0,8.9,28.6,0.0,0.0,3.3,7,0.779,2.29
F-057,2026-08-23,Cotton,Deltapine DP1646,50,Grain/Pod Filling,44.8,28.3,7.29,115.4,36.8,181.0,30.5,67.5,0.0,15.7,30.3,23.0,0.0,3.7,10,0.757,2.23
F-057,2026-08-24,Cotton,Deltapine DP1646,51,Grain/Pod Filling,37.4,25.8,7.3,115.0,36.7,180.8,27.3,61.9,0.0,13.0,24.9,0.0,0.0,2.9,8,0.782,2.23
F-057,2026-08-25,Cotton,Deltapine DP1646,52,Grain/Pod Filling,30.2,23.1,7.29,114.6,36.6,180.7,23.9,83.4,0.0,14.5,28.2,0.0,0.0,2.6,8,0.758,2.13
F-057,2026-08-26,Cotton,Deltapine DP1646,53,Grain/Pod Filling,55.3,19.2,7.35,114.2,36.5,180.5,20.0,73.8,0.0,16.6,23.2,33.3,0.0,2.1,11,0.773,2.0
F-057,2026-08-27,Cotton,Deltapine DP1646,54,Grain/Pod Filling,46.7,29.6,7.32,113.8,36.4,180.4,32.6,52.7,0.0,18.0,17.5,0.0,0.0,2.5,9,0.788,2.18
F-057,2026-08-28,Cotton,Deltapine DP1646,55,Grain/Pod Filling,41.2,20.7,7.35,113.4,36.3,180.2,22.6,67.4,0.0,12.7,18.1,0.0,0.0,3.2,10,0.749,2.17
F-057,2026-08-29,Cotton,Deltapine DP1646,56,Grain/Pod Filling,32.8,27.0,7.31,113.0,36.2,180.1,29.1,69.9,0.0,11.9,21.7,0.0,0.0,3.3,9,0.763,2.24
F-057,2026-08-30,Cotton,Deltapine DP1646,57,Grain/Pod Filling,28.5,22.3,7.26,112.6,36.1,179.9,23.4,72.8,0.0,14.3,21.4,0.0,0.0,3.2,11,0.762,2.1
F-057,2026-08-31,Cotton,Deltapine DP1646,58,Grain/Pod Filling,21.8,23.3,7.28,112.2,36.0,179.8,23.1,58.4,0.0,20.1,17.9,0.0,0.0,3.7,12,0.694,1.81
F-057,2026-09-01,Cotton,Deltapine DP1646,59,Grain/Pod Filling,47.4,17.8,7.38,111.8,35.9,179.6,19.1,77.0,0.0,10.2,22.5,32.0,0.0,3.0,9,0.79,2.32
F-058,2026-08-18,Wheat,LCS Sonic,42,Flowering,45.8,24.4,5.93,112.6,52.3,212.7,27.3,87.1,0.0,14.4,29.1,0.0,0.0,4.2,5,0.79,4.56
F-058,2026-08-19,Wheat,LCS Sonic,43,Flowering,35.4,27.7,5.84,112.2,52.2,212.6,29.5,63.8,0.0,17.6,20.4,0.0,0.0,3.6,3,0.784,4.47
F-058,2026-08-20,Wheat,LCS Sonic,44,Flowering,49.9,25.6,5.94,111.8,52.1,212.4,29.2,77.5,0.0,13.4,22.2,26.1,0.0,3.3,2,0.809,4.49
F-058,2026-08-21,Wheat,LCS Sonic,45,Flowering,43.1,27.5,5.82,111.4,52.0,212.3,30.1,47.9,0.0,15.9,17.2,0.0,0.0,3.4,2,0.788,4.42
F-058,2026-08-22,Wheat,LCS Sonic,46,Flowering,37.4,23.1,5.88,111.0,51.9,212.1,25.4,55.3,0.0,17.9,20.1,0.0,0.0,3.4,5,0.795,4.41
F-058,2026-08-23,Wheat,LCS Sonic,47,Flowering,57.5,21.3,5.86,110.6,51.8,212.0,24.0,79.1,0.0,13.4,19.1,26.9,0.0,3.3,5,0.795,4.03
F-058,2026-08-24,Wheat,LCS Sonic,48,Flowering,49.8,25.9,5.85,110.2,51.7,211.8,27.9,77.1,0.0,16.2,20.7,0.0,0.0,3.6,4,0.772,4.25
F-058,2026-08-25,Wheat,LCS Sonic,49,Flowering,49.4,24.3,5.87,109.8,51.6,211.7,26.7,85.9,7.7,15.2,18.1,0.0,0.0,3.4,4,0.758,4.31
F-058,2026-08-26,Wheat,LCS Sonic,50,Grain/Pod Filling,43.5,23.8,5.89,109.4,51.5,211.5,26.8,44.7,0.0,15.4,26.7,0.0,0.0,3.3,5,0.774,4.49
F-058,2026-08-27,Wheat,LCS Sonic,51,Grain/Pod Filling,36.3,25.3,5.72,109.0,51.4,211.4,27.1,68.3,0.0,21.9,25.5,0.0,0.0,4.0,3,0.812,4.12
F-058,2026-08-28,Wheat,LCS Sonic,52,Grain/Pod Filling,58.2,25.1,5.77,108.6,51.3,211.2,26.8,78.4,0.0,26.3,23.8,31.5,0.0,4.3,5,0.73,4.32
F-058,2026-08-29,Wheat,LCS Sonic,53,Grain/Pod Filling,50.9,25.6,5.86,108.2,51.2,211.1,27.7,66.3,0.0,17.2,27.5,0.0,0.0,4.0,2,0.774,4.3
F-058,2026-08-30,Wheat,LCS Sonic,54,Grain/Pod Filling,45.1,23.3,5.81,107.8,51.1,210.9,27.8,54.7,0.0,17.7,25.7,0.0,0.0,3.3,2,0.782,4.43
F-058,2026-08-31,Wheat,LCS Sonic,55,Grain/Pod Filling,41.1,23.0,5.82,107.4,51.0,210.8,24.1,79.5,2.6,12.9,26.9,0.0,0.0,2.3,2,0.79,4.49
F-058,2026-09-01,Wheat,LCS Sonic,56,Grain/Pod Filling,42.5,18.4,5.85,107.0,50.9,210.6,18.7,78.4,4.7,22.0,25.8,0.0,0.0,2.4,2,0.816,4.3
F-059,2026-08-18,Corn,Dekalb DKC64-35,52,Grain/Pod Filling,46.6,28.9,6.29,102.1,41.5,185.7,31.3,66.9,0.0,12.6,21.5,0.0,0.0,4.5,17,0.779,7.18
F-059,2026-08-19,Corn,Dekalb DKC64-35,53,Grain/Pod Filling,41.0,24.8,6.26,101.7,41.4,185.6,27.5,76.8,0.0,8.1,24.5,0.0,0.0,5.2,16,0.793,7.15
F-059,2026-08-20,Corn,Dekalb DKC64-35,54,Grain/Pod Filling,33.3,27.5,6.3,101.3,41.3,185.4,29.5,46.2,0.0,6.4,15.3,0.0,0.0,5.2,13,0.79,7.24
F-059,2026-08-21,Corn,Dekalb DKC64-35,55,Grain/Pod Filling,26.9,21.5,6.38,100.9,41.2,185.3,23.7,54.9,0.0,12.6,14.7,0.0,0.0,5.6,16,0.751,6.66
F-059,2026-08-22,Corn,Dekalb DKC64-35,56,Grain/Pod Filling,31.1,26.6,6.31,100.5,41.1,185.1,29.5,51.6,0.0,8.6,20.4,15.2,0.0,5.5,18,0.764,7.42
F-059,2026-08-23,Corn,Dekalb DKC64-35,57,Grain/Pod Filling,41.2,25.8,6.32,100.1,41.0,185.0,27.9,48.8,0.0,11.9,22.6,17.6,0.0,5.8,21,0.797,7.05
F-059,2026-08-24,Corn,Dekalb DKC64-35,58,Grain/Pod Filling,35.3,21.2,6.31,99.7,40.9,184.8,22.7,53.5,0.0,7.6,27.4,0.0,0.0,6.0,17,0.761,7.86
F-059,2026-08-25,Corn,Dekalb DKC64-35,59,Grain/Pod Filling,30.6,24.7,6.31,99.3,40.8,184.7,28.1,65.6,0.0,12.1,12.2,0.0,0.0,5.9,15,0.779,6.73
F-059,2026-08-26,Corn,Dekalb DKC64-35,60,Grain/Pod Filling,44.4,22.8,6.34,98.9,40.7,184.5,24.1,67.8,0.0,12.5,25.1,22.9,0.0,5.2,18,0.754,7.63
F-059,2026-08-27,Corn,Dekalb DKC64-35,61,Grain/Pod Filling,38.8,23.2,6.35,98.5,40.6,184.4,24.7,67.2,0.0,4.4,30.2,0.0,0.0,5.6,14,0.783,7.21
F-059,2026-08-28,Corn,Dekalb DKC64-35,62,Grain/Pod Filling,57.1,24.1,6.31,98.1,40.5,184.2,27.3,60.4,0.0,19.4,22.5,29.9,0.0,4.4,11,0.796,7.08
F-059,2026-08-29,Corn,Dekalb DKC64-35,63,Grain/Pod Filling,48.0,25.3,6.31,97.7,40.4,184.1,27.1,52.1,0.0,5.7,23.9,0.0,0.0,3.5,7,0.814,7.74
F-059,2026-08-30,Corn,Dekalb DKC64-35,64,Grain/Pod Filling,42.3,24.3,6.35,97.3,40.3,183.9,25.8,53.5,0.0,12.9,25.7,0.0,0.0,4.7,4,0.766,7.37
F-059,2026-08-31,Corn,Dekalb DKC64-35,65,Grain/Pod Filling,34.4,23.4,6.28,185.9,66.9,201.6,25.0,64.6,0.0,7.1,16.1,0.0,89.0,4.2,3,0.801,7.36
F-059,2026-09-01,Corn,Dekalb DKC64-35,66,Grain/Pod Filling,29.9,22.6,6.29,96.5,40.1,183.6,24.9,65.0,0.0,12.9,17.6,0.0,0.0,4.0,2,0.788,7.2
F-060,2026-08-18,Soybean,Pioneer P31T77E,46,Flowering,47.1,24.3,6.19,54.0,53.5,211.6,24.4,61.5,0.0,21.8,25.2,0.0,0.0,5.5,5,0.794,3.64
F-060,2026-08-19,Soybean,Pioneer P31T77E,47,Flowering,40.1,17.9,6.2,53.6,53.4,211.5,19.2,64.3,0.0,10.6,15.9,0.0,0.0,5.5,3,0.779,3.7
F-060,2026-08-20,Soybean,Pioneer P31T77E,48,Flowering,34.0,25.9,6.21,53.2,53.3,211.3,28.1,70.7,0.0,9.7,20.5,0.0,0.0,6.5,2,0.817,3.21
F-060,2026-08-21,Soybean,Pioneer P31T77E,49,Flowering,41.1,20.9,6.2,52.8,53.2,211.2,22.2,77.3,0.0,19.0,21.3,16.6,0.0,5.7,2,0.761,3.45
F-060,2026-08-22,Soybean,Pioneer P31T77E,50,Grain/Pod Filling,34.0,23.1,6.28,52.4,53.1,211.0,24.9,78.9,0.0,13.8,23.0,0.0,0.0,5.7,4,0.799,3.71
F-060,2026-08-23,Soybean,Pioneer P31T77E,51,Grain/Pod Filling,48.9,22.7,6.31,52.0,53.0,210.9,25.2,53.8,0.0,10.3,21.5,23.1,0.0,5.1,7,0.774,3.9
F-060,2026-08-24,Soybean,Pioneer P31T77E,52,Grain/Pod Filling,44.3,23.9,6.31,51.6,52.9,210.7,28.2,64.0,0.0,11.8,20.9,0.0,0.0,5.6,10,0.794,3.93
F-060,2026-08-25,Soybean,Pioneer P31T77E,53,Grain/Pod Filling,41.1,20.9,6.24,51.2,52.8,210.6,21.0,78.9,0.0,16.0,19.5,0.0,0.0,6.5,8,0.761,3.58
F-060,2026-08-26,Soybean,Pioneer P31T77E,54,Grain/Pod Filling,35.1,23.3,6.22,50.8,52.7,210.4,25.3,66.0,0.0,13.7,22.2,0.0,0.0,6.0,4,0.768,3.67
F-060,2026-08-27,Soybean,Pioneer P31T77E,55,Grain/Pod Filling,27.6,24.8,6.31,50.4,52.6,210.3,26.5,75.7,0.0,12.1,22.8,0.0,0.0,7.0,4,0.761,2.99
F-060,2026-08-28,Soybean,Pioneer P31T77E,56,Grain/Pod Filling,46.5,17.6,6.29,50.0,52.5,210.1,18.6,65.9,0.4,11.2,29.1,26.2,0.0,6.1,5,0.764,3.67
F-060,2026-08-29,Soybean,Pioneer P31T77E,57,Grain/Pod Filling,41.5,17.4,6.3,49.6,52.4,210.0,17.9,71.5,0.0,14.7,20.8,0.0,0.0,6.2,4,0.774,3.85
F-060,2026-08-30,Soybean,Pioneer P31T77E,58,Grain/Pod Filling,33.6,25.4,6.21,49.2,52.3,209.8,27.4,54.7,0.0,10.8,18.0,0.0,0.0,5.6,2,0.767,3.58
F-060,2026-08-31,Soybean,Pioneer P31T77E,59,Grain/Pod Filling,56.5,17.2,6.17,48.8,52.2,209.7,18.9,68.1,2.2,16.4,22.5,29.3,0.0,5.8,2,0.788,3.67
F-060,2026-09-01,Soybean,Pioneer P31T77E,60,Grain/Pod Filling,49.6,22.8,6.34,48.4,52.1,209.5,24.4,60.0,0.0,13.0,25.0,0.0,0.0,5.4,2,0.754,3.72
F-061,2026-08-18,Rice,Jupiter Medium,35,Flowering,50.6,21.7,6.5,81.1,58.3,178.5,23.5,59.0,0.0,14.6,18.7,0.0,0.0,5.4,71,0.735,5.75
F-061,2026-08-19,Rice,Jupiter Medium,36,Flowering,45.4,25.8,6.52,80.7,58.2,178.4,29.4,63.5,0.0,19.2,20.5,0.0,0.0,5.7,82,0.744,5.29
F-061,2026-08-20,Rice,Jupiter Medium,37,Flowering,37.0,29.8,6.55,80.3,58.1,178.2,32.1,70.9,0.0,18.2,23.0,0.0,0.0,4.9,86,0.703,5.05
F-061,2026-08-21,Rice,Jupiter Medium,38,Flowering,29.7,23.0,6.52,79.9,58.0,178.1,23.7,64.7,0.0,5.6,18.6,0.0,0.0,4.8,88,0.699,4.91
F-061,2026-08-22,Rice,Jupiter Medium,39,Flowering,43.5,21.7,6.48,79.5,57.9,177.9,23.6,67.8,0.0,16.8,23.8,21.1,0.0,4.5,91,0.678,5.1
F-061,2026-08-23,Rice,Jupiter Medium,40,Flowering,37.8,17.7,6.47,152.4,79.8,192.4,20.5,63.1,0.0,14.7,23.0,0.0,73.3,5.8,97,0.706,4.75
F-061,2026-08-24,Rice,Jupiter Medium,41,Flowering,32.5,23.7,6.46,78.7,57.7,177.6,26.1,65.6,0.0,13.6,24.5,0.0,0.0,6.4,106,0.695,4.82
F-061,2026-08-25,Rice,Jupiter Medium,42,Flowering,50.2,26.1,6.57,78.3,57.6,177.5,27.3,54.6,0.0,20.9,24.4,27.6,0.0,6.6,104,0.689,5.17
F-061,2026-08-26,Rice,Jupiter Medium,43,Flowering,57.5,21.1,6.48,77.9,57.5,177.3,24.4,74.1,15.8,11.2,10.6,0.0,0.0,6.5,101,0.682,4.55
F-061,2026-08-27,Rice,Jupiter Medium,44,Flowering,54.8,20.3,6.6,77.5,57.4,177.2,23.0,59.5,0.0,13.5,24.2,0.0,0.0,6.4,100,0.679,4.98
F-061,2026-08-28,Rice,Jupiter Medium,45,Flowering,48.2,23.7,6.5,77.1,57.3,177.0,25.4,59.0,0.0,16.3,28.6,0.0,0.0,6.0,100,0.693,5.03
F-061,2026-08-29,Rice,Jupiter Medium,46,Flowering,42.3,23.5,6.47,76.7,57.2,176.9,25.7,70.1,0.0,14.8,17.4,0.0,0.0,5.5,105,0.692,5.26
F-061,2026-08-30,Rice,Jupiter Medium,47,Flowering,34.1,24.9,6.57,76.3,57.1,176.7,26.8,53.5,0.0,23.5,24.7,0.0,0.0,5.5,115,0.682,4.57
F-061,2026-08-31,Rice,Jupiter Medium,48,Flowering,28.6,21.5,6.5,75.9,57.0,176.6,21.9,63.5,0.0,14.9,21.7,0.0,0.0,5.0,112,0.664,4.23
F-061,2026-09-01,Rice,Jupiter Medium,49,Flowering,21.7,21.0,6.57,75.5,56.9,176.4,23.0,72.8,0.0,4.5,23.3,0.0,0.0,4.8,116,0.628,3.63
F-062,2026-08-18,Wheat,WB9719,34,Flowering,47.9,29.8,6.74,122.9,52.2,197.2,33.0,54.5,0.0,6.9,22.9,0.0,0.0,5.3,15,0.771,4.33
F-062,2026-08-19,Wheat,WB9719,35,Flowering,40.9,23.1,6.76,122.5,52.1,197.0,25.1,44.7,0.0,21.1,11.2,0.0,0.0,5.8,13,0.771,4.64
F-062,2026-08-20,Wheat,WB9719,36,Flowering,34.3,23.6,6.7,122.1,52.0,196.9,27.0,75.3,0.0,16.7,24.4,0.0,0.0,6.3,12,0.758,4.27
F-062,2026-08-21,Wheat,WB9719,37,Flowering,27.7,24.9,6.69,121.7,51.9,196.7,28.8,61.1,0.0,19.4,22.6,0.0,0.0,6.5,13,0.749,3.98
F-062,2026-08-22,Wheat,WB9719,38,Flowering,17.4,25.6,6.71,121.3,51.8,196.6,29.1,37.6,0.0,12.9,27.6,0.0,0.0,6.8,16,0.682,3.38
F-062,2026-08-23,Wheat,WB9719,39,Flowering,27.7,25.5,6.73,120.9,51.7,196.4,26.6,74.3,0.0,14.3,24.5,17.2,0.0,7.0,16,0.759,3.82
F-062,2026-08-24,Wheat,WB9719,40,Flowering,21.8,18.8,6.76,120.5,51.6,196.3,20.7,73.4,0.0,12.5,25.0,0.0,0.0,7.3,17,0.721,3.91
F-062,2026-08-25,Wheat,WB9719,41,Flowering,32.5,24.8,6.72,120.1,51.5,196.1,26.2,68.3,0.0,9.4,23.6,20.9,0.0,7.2,18,0.743,4.25
F-062,2026-08-26,Wheat,WB9719,42,Flowering,47.0,23.0,6.83,119.7,51.4,196.0,24.5,64.7,0.0,10.0,22.1,22.7,0.0,7.4,17,0.768,4.56
F-062,2026-08-27,Wheat,WB9719,43,Flowering,43.0,24.5,6.76,119.3,51.3,195.8,27.2,90.9,3.2,16.7,21.3,0.0,0.0,7.0,15,0.785,4.24
F-062,2026-08-28,Wheat,WB9719,44,Flowering,36.5,25.7,6.67,118.9,51.2,195.7,26.4,68.9,0.0,2.3,26.4,0.0,0.0,7.2,12,0.781,4.54
F-062,2026-08-29,Wheat,WB9719,45,Flowering,50.4,26.4,6.84,118.5,51.1,195.5,28.3,49.1,0.0,11.8,23.3,24.5,0.0,6.6,14,0.749,4.55
F-062,2026-08-30,Wheat,WB9719,46,Flowering,45.0,30.4,6.69,118.1,51.0,195.4,33.2,56.5,0.0,23.5,18.1,0.0,0.0,6.2,16,0.766,4.57
F-062,2026-08-31,Wheat,WB9719,47,Flowering,36.6,24.9,6.78,117.7,50.9,195.2,27.5,66.2,0.0,17.9,20.6,0.0,0.0,5.7,14,0.805,4.75
F-062,2026-09-01,Wheat,WB9719,48,Flowering,67.7,18.2,6.72,117.3,50.8,195.1,20.7,94.2,43.8,20.1,8.0,0.0,0.0,5.8,14,0.779,4.31
F-063,2026-08-18,Soybean,Pioneer P31T77E,56,Grain/Pod Filling,48.3,22.9,6.86,136.7,61.6,102.5,24.2,67.0,0.0,13.7,17.0,0.0,0.0,30.4,15,0.73,3.46
F-063,2026-08-19,Soybean,Pioneer P31T77E,57,Grain/Pod Filling,43.3,23.8,6.82,136.3,61.5,102.4,24.1,63.5,0.0,11.7,24.1,0.0,0.0,31.0,15,0.697,3.33
F-063,2026-08-20,Soybean,Pioneer P31T77E,58,Grain/Pod Filling,41.2,23.2,6.87,135.9,61.4,102.2,23.9,56.1,0.0,14.3,24.8,0.0,0.0,31.5,14,0.749,3.49
F-063,2026-08-21,Soybean,Pioneer P31T77E,59,Grain/Pod Filling,54.3,21.4,6.93,135.5,61.3,102.1,23.9,62.3,24.2,14.1,15.2,0.0,0.0,32.5,17,0.726,3.53
F-063,2026-08-22,Soybean,Pioneer P31T77E,60,Grain/Pod Filling,50.6,18.7,6.82,135.1,61.2,101.9,19.5,77.0,1.4,6.6,21.8,0.0,0.0,35.6,19,0.721,3.45
F-063,2026-08-23,Soybean,Pioneer P31T77E,61,Grain/Pod Filling,50.5,25.0,6.8,134.7,61.1,101.8,26.2,76.9,7.6,13.4,12.1,0.0,0.0,38.7,15,0.755,3.61
F-063,2026-08-24,Soybean,Pioneer P31T77E,62,Grain/Pod Filling,41.9,24.8,6.89,134.3,61.0,101.6,26.3,61.6,0.0,13.3,23.0,0.0,0.0,39.6,16,0.725,3.4
F-063,2026-08-25,Soybean,Pioneer P31T77E,63,Grain/Pod Filling,34.9,25.0,6.82,133.9,60.9,101.5,28.4,56.9,0.0,6.4,24.2,0.0,0.0,40.0,17,0.703,3.16
F-063,2026-08-26,Soybean,Pioneer P31T77E,64,Grain/Pod Filling,28.2,26.9,6.8,133.5,60.8,101.3,28.0,58.7,0.0,13.0,26.6,0.0,0.0,40.7,15,0.661,2.69
F-063,2026-08-27,Soybean,Pioneer P31T77E,65,Grain/Pod Filling,21.9,24.3,6.75,218.3,86.3,118.2,26.6,65.1,0.0,4.3,16.0,0.0,85.2,42.4,13,0.641,2.58
F-063,2026-08-28,Soybean,Pioneer P31T77E,66,Grain/Pod Filling,15.6,22.3,6.77,132.7,60.6,101.0,24.6,74.5,0.0,16.3,23.3,0.0,0.0,46.1,12,0.588,2.09
F-063,2026-08-29,Soybean,Pioneer P31T77E,67,Grain/Pod Filling,29.0,26.2,6.79,132.3,60.5,100.9,27.5,73.4,0.0,11.7,23.8,23.7,0.0,49.2,8,0.691,2.91
F-063,2026-08-30,Soybean,Pioneer P31T77E,68,Grain/Pod Filling,42.7,27.5,6.82,131.9,60.4,100.7,30.4,68.0,0.0,8.0,20.3,20.9,0.0,51.3,7,0.689,3.13
F-063,2026-08-31,Soybean,Pioneer P31T77E,69,Grain/Pod Filling,34.6,21.8,6.86,131.5,60.3,100.6,24.2,55.1,0.0,9.8,22.7,0.0,0.0,52.5,8,0.676,3.13
F-063,2026-09-01,Soybean,Pioneer P31T77E,70,Grain/Pod Filling,31.8,18.9,6.88,131.1,60.2,100.4,21.9,55.1,0.0,19.8,19.1,0.0,0.0,53.4,8,0.654,2.87
F-064,2026-08-18,Rice,Jupiter Medium,30,Flowering,53.5,22.6,6.29,68.5,43.6,82.6,25.0,76.4,8.7,20.5,19.3,0.0,0.0,5.2,10,0.802,6.11
F-064,2026-08-19,Rice,Jupiter Medium,31,Flowering,58.6,19.3,6.27,68.1,43.5,82.5,21.6,84.7,13.6,11.5,17.8,0.0,0.0,5.1,8,0.78,5.97
F-064,2026-08-20,Rice,Jupiter Medium,32,Flowering,50.2,27.8,6.29,67.7,43.4,82.3,29.4,53.7,0.0,20.4,29.9,0.0,0.0,5.1,4,0.773,5.66
F-064,2026-08-21,Rice,Jupiter Medium,33,Flowering,41.2,31.4,6.34,67.3,43.3,82.2,32.8,60.6,0.0,8.7,18.7,0.0,0.0,5.0,2,0.801,5.79
F-064,2026-08-22,Rice,Jupiter Medium,34,Flowering,37.4,17.5,6.23,66.9,43.2,82.0,17.8,61.9,0.0,7.3,20.9,0.0,0.0,5.2,4,0.804,5.58
F-064,2026-08-23,Rice,Jupiter Medium,35,Flowering,61.4,27.3,6.24,66.5,43.1,81.9,28.5,58.5,0.0,13.4,15.8,32.5,0.0,5.6,2,0.785,5.92
F-064,2026-08-24,Rice,Jupiter Medium,36,Flowering,54.6,26.2,6.16,66.1,43.0,81.7,28.1,65.4,0.0,13.2,25.6,0.0,0.0,5.6,2,0.793,5.54
F-064,2026-08-25,Rice,Jupiter Medium,37,Flowering,49.2,21.7,6.28,65.7,42.9,81.6,23.9,67.3,0.0,18.5,20.7,0.0,0.0,6.0,5,0.76,5.95
F-064,2026-08-26,Rice,Jupiter Medium,38,Flowering,85.0,18.5,6.3,65.3,42.8,81.4,18.5,78.8,53.1,13.9,8.0,0.0,0.0,5.1,2,0.783,5.03
F-064,2026-08-27,Rice,Jupiter Medium,39,Flowering,77.3,23.2,6.29,64.9,42.7,81.3,25.0,72.8,0.0,20.1,24.3,0.0,0.0,5.5,2,0.771,6.07
F-064,2026-08-28,Rice,Jupiter Medium,40,Flowering,70.2,22.5,6.29,117.6,58.6,91.8,24.4,72.6,0.0,16.0,26.8,0.0,53.1,5.1,2,0.781,5.62
F-064,2026-08-29,Rice,Jupiter Medium,41,Flowering,64.1,20.3,6.23,64.1,42.5,81.0,21.3,61.4,0.0,4.6,21.7,0.0,0.0,5.8,2,0.793,5.66
F-064,2026-08-30,Rice,Jupiter Medium,42,Flowering,57.6,28.2,6.26,63.7,42.4,80.8,28.6,62.4,0.0,18.4,20.3,0.0,0.0,6.0,4,0.811,6.2
F-064,2026-08-31,Rice,Jupiter Medium,43,Flowering,50.4,24.0,6.31,63.3,42.3,80.7,26.6,61.4,0.0,4.7,22.9,0.0,0.0,6.1,5,0.809,5.96
F-064,2026-09-01,Rice,Jupiter Medium,44,Flowering,42.0,29.5,6.14,62.9,42.2,80.5,32.3,77.1,0.0,14.5,17.3,0.0,0.0,5.3,7,0.794,6.08
F-065,2026-08-18,Rice,Titan Hybrid,84,Maturity,26.2,20.7,7.29,90.8,21.2,176.4,22.7,66.9,0.0,9.3,18.8,0.0,0.0,5.0,18,0.726,5.03
F-065,2026-08-19,Rice,Titan Hybrid,85,Maturity,25.2,20.8,7.3,90.4,21.1,176.3,21.4,91.5,5.6,13.1,15.9,0.0,0.0,4.5,17,0.744,5.42
F-065,2026-08-20,Rice,Titan Hybrid,86,Maturity,16.5,27.6,7.2,90.0,21.0,176.1,27.9,67.1,0.0,8.9,19.6,0.0,0.0,4.7,16,0.668,4.45
F-065,2026-08-21,Rice,Titan Hybrid,87,Maturity,8.9,23.9,7.19,89.6,20.9,176.0,26.8,59.0,0.0,6.2,26.4,0.0,0.0,4.4,15,0.688,4.01
F-065,2026-08-22,Rice,Titan Hybrid,88,Maturity,8.0,26.7,7.23,89.2,20.8,175.8,27.1,62.4,0.0,6.9,19.2,0.0,0.0,4.6,14,0.696,4.18
F-065,2026-08-23,Rice,Titan Hybrid,89,Maturity,8.0,19.1,7.11,88.8,20.7,175.7,18.7,59.4,0.0,17.1,17.0,0.0,0.0,4.4,17,0.67,3.69
F-065,2026-08-24,Rice,Titan Hybrid,90,Maturity,8.0,22.9,7.17,88.4,20.6,175.5,22.9,76.3,0.0,10.2,18.7,0.0,0.0,4.8,20,0.713,4.05
F-065,2026-08-25,Rice,Titan Hybrid,91,Maturity,8.0,27.5,7.17,88.0,20.5,175.4,29.7,70.1,0.0,13.9,24.6,0.0,0.0,4.5,21,0.632,3.81
F-065,2026-08-26,Rice,Titan Hybrid,92,Maturity,13.0,17.3,7.28,87.6,20.4,175.2,17.3,97.3,12.2,9.2,17.8,0.0,0.0,4.7,21,0.66,4.12
F-065,2026-08-27,Rice,Titan Hybrid,93,Maturity,14.8,15.6,7.26,87.2,20.3,175.1,15.8,81.7,8.1,17.7,16.9,0.0,0.0,4.5,22,0.687,4.13
F-065,2026-08-28,Rice,Titan Hybrid,94,Maturity,8.0,26.0,7.22,86.8,20.2,174.9,27.0,68.7,0.0,11.4,22.5,0.0,0.0,5.1,18,0.689,3.84
F-065,2026-08-29,Rice,Titan Hybrid,95,Maturity,8.0,25.6,7.15,86.4,20.1,174.8,28.2,86.6,0.0,9.2,9.9,0.0,0.0,5.4,15,0.706,3.81
F-065,2026-08-30,Rice,Titan Hybrid,96,Maturity,8.0,22.8,7.17,86.0,20.0,174.6,26.0,43.8,0.0,12.1,24.7,0.0,0.0,6.6,18,0.636,3.92
F-065,2026-08-31,Rice,Titan Hybrid,97,Maturity,8.0,26.9,7.26,85.6,19.9,174.5,28.8,80.8,0.0,18.6,21.4,0.0,0.0,6.9,21,0.651,3.74
F-065,2026-09-01,Rice,Titan Hybrid,98,Maturity,21.6,22.9,7.22,85.2,19.8,174.3,24.1,75.6,26.0,23.6,10.9,0.0,0.0,6.5,21,0.701,4.67
F-066,2026-08-18,Soybean,Brevant B281EE,34,Flowering,78.5,22.1,6.57,41.6,54.8,90.2,23.2,75.3,35.0,10.3,12.0,0.0,0.0,3.3,21,0.771,3.39
F-066,2026-08-19,Soybean,Brevant B281EE,35,Flowering,71.0,24.9,6.58,41.2,54.7,90.0,26.0,69.1,0.0,8.4,17.5,0.0,0.0,2.7,19,0.762,3.54
F-066,2026-08-20,Soybean,Brevant B281EE,36,Flowering,64.3,21.0,6.55,40.8,54.6,89.9,23.0,56.9,0.0,17.6,19.8,0.0,0.0,2.1,17,0.756,3.8
F-066,2026-08-21,Soybean,Brevant B281EE,37,Flowering,64.3,21.1,6.64,40.4,54.5,89.7,22.2,74.3,6.5,16.1,15.7,0.0,0.0,2.8,17,0.763,3.63
F-066,2026-08-22,Soybean,Brevant B281EE,38,Flowering,55.0,27.9,6.58,40.0,54.4,89.6,29.2,55.6,0.0,9.8,23.3,0.0,0.0,3.3,20,0.763,3.55
F-066,2026-08-23,Soybean,Brevant B281EE,39,Flowering,49.8,23.6,6.66,39.6,54.3,89.4,24.8,55.1,0.0,13.8,26.6,0.0,0.0,2.2,17,0.792,3.89
F-066,2026-08-24,Soybean,Brevant B281EE,40,Flowering,43.7,17.3,6.61,90.3,69.5,99.5,19.2,71.7,0.0,18.9,18.1,0.0,51.1,2.0,13,0.788,3.66
F-066,2026-08-25,Soybean,Brevant B281EE,41,Flowering,33.9,26.2,6.55,38.8,54.1,89.1,29.1,56.4,0.0,19.5,23.2,0.0,0.0,2.7,15,0.745,3.29
F-066,2026-08-26,Soybean,Brevant B281EE,42,Flowering,51.7,23.4,6.59,38.4,54.0,89.0,24.7,55.7,0.0,11.3,18.6,28.1,0.0,2.7,11,0.782,3.72
F-066,2026-08-27,Soybean,Brevant B281EE,43,Flowering,67.1,17.9,6.59,38.0,53.9,88.8,19.0,86.2,26.7,27.9,14.5,0.0,0.0,3.6,13,0.814,3.72
F-066,2026-08-28,Soybean,Brevant B281EE,44,Flowering,60.5,20.6,6.52,37.6,53.8,88.7,22.2,57.3,0.0,11.5,23.6,0.0,0.0,4.5,9,0.733,3.49
F-066,2026-08-29,Soybean,Brevant B281EE,45,Flowering,57.0,19.9,6.6,37.2,53.7,88.5,22.1,68.3,0.0,14.4,14.7,0.0,0.0,4.5,9,0.761,3.49
F-066,2026-08-30,Soybean,Brevant B281EE,46,Flowering,53.3,26.2,6.69,36.8,53.6,88.4,28.1,75.7,0.0,17.0,19.0,0.0,0.0,4.2,5,0.807,3.9
F-066,2026-08-31,Soybean,Brevant B281EE,47,Flowering,45.8,22.3,6.6,36.4,53.5,88.2,23.6,58.8,0.0,9.5,18.1,0.0,0.0,4.0,6,0.771,3.58
F-066,2026-09-01,Soybean,Brevant B281EE,48,Flowering,40.7,23.5,6.56,36.0,53.4,88.1,25.4,71.4,0.0,8.9,20.0,0.0,0.0,4.1,2,0.805,3.49
F-067,2026-08-18,Soybean,Pioneer P31T77E,58,Grain/Pod Filling,48.8,23.8,6.03,59.9,54.9,154.1,24.6,70.4,0.0,15.2,17.7,0.0,0.0,5.5,10,0.764,3.75
F-067,2026-08-19,Soybean,Pioneer P31T77E,59,Grain/Pod Filling,44.5,22.2,6.05,59.5,54.8,153.9,25.4,62.6,0.0,13.1,24.8,0.0,0.0,5.7,12,0.775,3.86
F-067,2026-08-20,Soybean,Pioneer P31T77E,60,Grain/Pod Filling,48.8,22.3,5.94,59.1,54.7,153.8,23.2,87.1,13.6,12.0,22.6,0.0,0.0,5.6,12,0.802,3.7
F-067,2026-08-21,Soybean,Pioneer P31T77E,61,Grain/Pod Filling,45.1,18.9,6.06,58.7,54.6,153.6,21.1,89.6,1.5,18.0,19.8,0.0,0.0,5.7,8,0.787,3.8
F-067,2026-08-22,Soybean,Pioneer P31T77E,62,Grain/Pod Filling,40.4,26.7,6.08,58.3,54.5,153.5,27.9,48.8,0.0,6.8,22.4,0.0,0.0,5.8,7,0.796,3.57
F-067,2026-08-23,Soybean,Pioneer P31T77E,63,Grain/Pod Filling,54.1,17.1,5.96,57.9,54.4,153.3,17.7,82.8,21.8,9.8,20.7,0.0,0.0,6.3,10,0.787,3.82
F-067,2026-08-24,Soybean,Pioneer P31T77E,64,Grain/Pod Filling,44.3,23.3,6.03,57.5,54.3,153.2,24.2,53.7,0.0,18.0,21.4,0.0,0.0,6.2,9,0.779,3.58
F-067,2026-08-25,Soybean,Pioneer P31T77E,65,Grain/Pod Filling,39.5,19.1,6.04,131.8,76.6,168.0,20.7,73.6,0.0,17.2,22.5,0.0,74.7,5.9,11,0.771,3.77
F-067,2026-08-26,Soybean,Pioneer P31T77E,66,Grain/Pod Filling,48.4,19.2,6.05,56.7,54.1,152.9,21.9,58.8,0.0,20.5,16.9,16.3,0.0,5.4,7,0.766,3.84
F-067,2026-08-27,Soybean,Pioneer P31T77E,67,Grain/Pod Filling,42.4,26.1,5.94,56.3,54.0,152.7,26.9,43.7,0.0,6.0,23.7,0.0,0.0,5.6,7,0.765,3.74
F-067,2026-08-28,Soybean,Pioneer P31T77E,68,Grain/Pod Filling,37.4,18.3,5.98,55.9,53.9,152.6,21.1,69.5,0.0,20.6,21.9,0.0,0.0,5.6,8,0.82,3.54
F-067,2026-08-29,Soybean,Pioneer P31T77E,69,Grain/Pod Filling,30.7,25.6,5.96,55.5,53.8,152.4,28.1,62.8,0.0,7.5,14.9,0.0,0.0,5.3,4,0.789,3.36
F-067,2026-08-30,Soybean,Pioneer P31T77E,70,Grain/Pod Filling,26.2,20.6,5.99,55.1,53.7,152.3,21.4,67.6,0.0,13.0,16.6,0.0,0.0,5.3,7,0.71,3.42
F-067,2026-08-31,Soybean,Pioneer P31T77E,71,Grain/Pod Filling,47.0,21.3,5.91,54.7,53.6,152.1,22.2,83.8,0.0,15.2,14.0,31.5,0.0,5.1,6,0.765,3.61
F-067,2026-09-01,Soybean,Pioneer P31T77E,72,Grain/Pod Filling,54.9,23.8,5.93,54.3,53.5,152.0,25.5,79.3,21.2,7.9,15.1,0.0,0.0,5.3,4,0.782,3.84
F-068,2026-08-18,Corn,NK Corn N78N,44,Flowering,48.9,22.8,5.94,91.3,41.4,83.4,25.5,64.7,0.0,6.5,14.7,0.0,0.0,5.4,11,0.762,7.38
F-068,2026-08-19,Corn,NK Corn N78N,45,Flowering,39.3,25.1,6.04,90.9,41.3,83.3,26.6,61.1,0.0,20.6,18.1,0.0,0.0,6.6,9,0.828,7.05
F-068,2026-08-20,Corn,NK Corn N78N,46,Flowering,33.4,24.1,5.98,90.5,41.2,83.1,25.8,67.3,0.0,12.3,23.2,0.0,0.0,7.2,8,0.792,7.19
F-068,2026-08-21,Corn,NK Corn N78N,47,Flowering,48.2,23.8,6.07,90.1,41.1,83.0,26.0,57.3,0.0,17.8,20.4,22.0,0.0,7.5,7,0.769,7.85
F-068,2026-08-22,Corn,NK Corn N78N,48,Flowering,41.2,25.1,5.93,89.7,41.0,82.8,26.3,67.8,0.0,14.3,28.5,0.0,0.0,7.2,6,0.794,8.1
F-068,2026-08-23,Corn,NK Corn N78N,49,Flowering,33.5,22.2,5.97,89.3,40.9,82.7,23.7,63.8,0.0,17.9,25.7,0.0,0.0,8.4,2,0.782,7.26
F-068,2026-08-24,Corn,NK Corn N78N,50,Grain/Pod Filling,53.0,20.3,6.02,88.9,40.8,82.5,21.6,56.3,0.0,9.5,17.5,27.6,0.0,8.5,2,0.804,7.24
F-068,2026-08-25,Corn,NK Corn N78N,51,Grain/Pod Filling,44.7,30.8,6.02,88.5,40.7,82.4,35.1,86.7,0.0,12.7,22.0,0.0,0.0,8.2,2,0.76,6.7
F-068,2026-08-26,Corn,NK Corn N78N,52,Grain/Pod Filling,36.6,29.5,6.0,88.1,40.6,82.2,31.2,67.3,0.0,12.8,16.2,0.0,0.0,8.0,2,0.777,6.86
F-068,2026-08-27,Corn,NK Corn N78N,53,Grain/Pod Filling,58.7,23.0,5.98,87.7,40.5,82.1,23.8,84.0,1.0,20.2,20.6,31.6,0.0,8.4,2,0.773,7.1
F-068,2026-08-28,Corn,NK Corn N78N,54,Grain/Pod Filling,53.9,24.2,6.07,87.3,40.4,81.9,25.8,78.4,0.0,11.2,26.3,0.0,0.0,9.9,2,0.788,7.22
F-068,2026-08-29,Corn,NK Corn N78N,55,Grain/Pod Filling,46.4,23.9,6.01,86.9,40.3,81.8,27.0,73.1,0.0,11.0,29.8,0.0,0.0,10.0,2,0.765,7.34
F-068,2026-08-30,Corn,NK Corn N78N,56,Grain/Pod Filling,45.9,16.8,5.98,86.5,40.2,81.6,17.7,95.2,6.7,17.7,18.6,0.0,0.0,10.0,5,0.718,7.55
F-068,2026-08-31,Corn,NK Corn N78N,57,Grain/Pod Filling,42.1,22.3,6.06,86.1,40.1,81.5,23.7,57.7,0.0,22.2,17.5,0.0,0.0,9.8,3,0.786,7.41
F-068,2026-09-01,Corn,NK Corn N78N,58,Grain/Pod Filling,37.4,22.1,5.95,85.7,40.0,81.3,24.4,63.8,0.0,16.1,20.2,0.0,0.0,10.3,2,0.824,7.56
F-069,2026-08-18,Corn,Dekalb DKC64-35,69,Grain/Pod Filling,48.1,28.7,6.6,139.2,22.6,207.0,31.6,71.3,0.0,16.4,25.3,0.0,0.0,5.3,18,0.757,7.17
F-069,2026-08-19,Corn,Dekalb DKC64-35,70,Grain/Pod Filling,42.3,24.6,6.62,138.8,22.5,206.9,25.8,72.9,0.0,12.2,25.6,0.0,0.0,5.3,21,0.752,7.33
F-069,2026-08-20,Corn,Dekalb DKC64-35,71,Grain/Pod Filling,35.5,26.3,6.55,138.4,22.4,206.7,28.0,63.8,0.0,11.4,26.1,0.0,0.0,5.2,19,0.773,7.24
F-069,2026-08-21,Corn,Dekalb DKC64-35,72,Grain/Pod Filling,45.2,22.9,6.54,138.0,22.3,206.6,24.4,68.5,0.0,15.7,16.8,15.2,0.0,5.2,17,0.819,6.98
F-069,2026-08-22,Corn,Dekalb DKC64-35,73,Grain/Pod Filling,39.2,20.4,6.68,137.6,22.2,206.4,21.2,75.1,0.0,7.4,23.7,0.0,0.0,4.4,20,0.796,6.77
F-069,2026-08-23,Corn,Dekalb DKC64-35,74,Grain/Pod Filling,36.5,17.2,6.6,137.2,22.1,206.3,18.9,69.6,0.0,20.3,28.2,0.0,0.0,4.6,17,0.776,7.15
F-069,2026-08-24,Corn,Dekalb DKC64-35,75,Maturity,51.5,23.2,6.69,136.8,22.0,206.1,25.8,46.5,0.0,12.8,13.4,24.8,0.0,3.6,19,0.8,6.62
F-069,2026-08-25,Corn,Dekalb DKC64-35,76,Maturity,45.3,21.7,6.58,136.4,21.9,206.0,23.4,52.2,0.0,8.2,23.0,0.0,0.0,3.0,22,0.738,7.02
F-069,2026-08-26,Corn,Dekalb DKC64-35,77,Maturity,59.0,28.9,6.52,136.0,21.8,205.8,30.9,85.6,23.6,2.0,16.0,0.0,0.0,3.7,19,0.759,7.51
F-069,2026-08-27,Corn,Dekalb DKC64-35,78,Maturity,49.8,19.2,6.64,135.6,21.7,205.7,22.2,66.8,0.0,18.2,24.1,0.0,0.0,3.3,22,0.758,7.4
F-069,2026-08-28,Corn,Dekalb DKC64-35,79,Maturity,42.8,24.9,6.55,135.2,21.6,205.5,26.5,61.6,0.0,15.2,23.9,0.0,0.0,3.1,22,0.779,7.36
F-069,2026-08-29,Corn,Dekalb DKC64-35,80,Maturity,34.5,29.3,6.56,134.8,21.5,205.4,31.3,61.9,0.0,21.7,28.5,0.0,0.0,2.8,25,0.768,7.64
F-069,2026-08-30,Corn,Dekalb DKC64-35,81,Maturity,49.9,26.7,6.65,134.4,21.4,205.2,29.5,61.6,0.0,9.4,26.4,24.4,0.0,2.0,23,0.795,7.14
F-069,2026-08-31,Corn,Dekalb DKC64-35,82,Maturity,55.0,13.4,6.5,134.0,21.3,205.1,13.6,98.0,11.3,13.7,19.6,0.0,0.0,2.0,24,0.748,7.55
F-069,2026-09-01,Corn,Dekalb DKC64-35,83,Maturity,49.3,22.4,6.56,133.6,21.2,204.9,24.5,74.3,0.0,19.6,25.2,0.0,0.0,2.0,27,0.776,7.11
F-070,2026-08-18,Soybean,Pioneer P31T77E,71,Grain/Pod Filling,49.2,26.1,6.72,36.6,33.0,128.1,28.3,54.2,0.0,11.4,17.4,0.0,0.0,4.0,17,0.75,3.58
F-070,2026-08-19,Soybean,Pioneer P31T77E,72,Grain/Pod Filling,42.5,22.7,6.74,36.2,32.9,128.0,24.5,74.3,0.0,14.1,23.3,0.0,0.0,3.8,17,0.771,3.58
F-070,2026-08-20,Soybean,Pioneer P31T77E,73,Grain/Pod Filling,38.2,23.0,6.65,35.8,32.8,127.8,25.2,71.9,0.0,14.7,26.6,0.0,0.0,3.6,13,0.775,3.62
F-070,2026-08-21,Soybean,Pioneer P31T77E,74,Grain/Pod Filling,34.7,23.2,6.66,35.4,32.7,127.7,25.2,60.7,0.0,16.0,24.0,0.0,0.0,3.7,16,0.775,3.36
F-070,2026-08-22,Soybean,Pioneer P31T77E,75,Maturity,47.7,26.0,6.7,35.0,32.6,127.5,27.9,62.0,0.0,17.2,18.6,21.5,0.0,3.8,12,0.773,3.63
F-070,2026-08-23,Soybean,Pioneer P31T77E,76,Maturity,43.1,24.7,6.68,34.6,32.5,127.4,28.1,55.5,0.0,11.1,18.7,0.0,0.0,3.4,13,0.765,3.63
F-070,2026-08-24,Soybean,Pioneer P31T77E,77,Maturity,34.6,29.0,6.74,34.2,32.4,127.2,32.4,54.0,0.0,23.0,25.0,0.0,0.0,3.4,15,0.768,3.1
F-070,2026-08-25,Soybean,Pioneer P31T77E,78,Maturity,29.0,19.8,6.69,33.8,32.3,127.1,22.1,66.1,0.0,14.9,17.4,0.0,0.0,2.2,14,0.769,3.28
F-070,2026-08-26,Soybean,Pioneer P31T77E,79,Maturity,46.3,23.1,6.66,33.4,32.2,126.9,23.8,61.3,0.0,15.4,22.3,26.2,0.0,2.1,15,0.789,3.41
F-070,2026-08-27,Soybean,Pioneer P31T77E,80,Maturity,38.9,26.9,6.61,33.0,32.1,126.8,27.8,59.7,0.0,11.0,18.2,0.0,0.0,2.0,12,0.821,3.52
F-070,2026-08-28,Soybean,Pioneer P31T77E,81,Maturity,32.9,20.6,6.59,32.6,32.0,126.6,21.5,54.5,0.0,21.9,27.0,0.0,0.0,2.6,15,0.783,3.37
F-070,2026-08-29,Soybean,Pioneer P31T77E,82,Maturity,31.4,26.2,6.63,32.2,31.9,126.5,27.0,69.2,5.3,15.5,19.2,0.0,0.0,3.9,12,0.814,3.38
F-070,2026-08-30,Soybean,Pioneer P31T77E,83,Maturity,23.5,23.6,6.57,31.8,31.8,126.3,26.8,74.9,0.0,10.9,14.5,0.0,0.0,3.9,10,0.74,2.9
F-070,2026-08-31,Soybean,Pioneer P31T77E,84,Maturity,43.2,21.8,6.59,31.4,31.7,126.2,22.7,66.2,0.0,10.3,19.5,25.7,0.0,3.7,11,0.792,3.62
F-070,2026-09-01,Soybean,Pioneer P31T77E,85,Maturity,36.6,25.3,6.53,31.0,31.6,126.0,25.9,63.0,0.0,14.4,23.2,0.0,0.0,5.2,13,0.785,3.31
F-071,2026-08-18,Corn,Dekalb DKC64-35,83,Maturity,48.7,22.1,7.15,102.5,48.5,198.0,22.6,61.9,0.0,27.1,28.7,0.0,0.0,4.1,13,0.808,7.2
F-071,2026-08-19,Corn,Dekalb DKC64-35,84,Maturity,43.3,22.2,7.14,102.1,48.4,197.9,24.4,56.2,0.0,11.0,15.0,0.0,0.0,4.3,16,0.795,6.75
F-071,2026-08-20,Corn,Dekalb DKC64-35,85,Maturity,37.7,22.1,7.13,101.7,48.3,197.7,25.0,70.5,0.0,14.0,15.9,0.0,0.0,4.5,16,0.76,7.08
F-071,2026-08-21,Corn,Dekalb DKC64-35,86,Maturity,28.0,21.4,7.13,101.3,48.2,197.6,22.1,74.8,0.0,21.3,26.5,0.0,0.0,5.4,17,0.732,6.36
F-071,2026-08-22,Corn,Dekalb DKC64-35,87,Maturity,42.7,25.5,7.19,100.9,48.1,197.4,27.5,81.3,0.0,20.0,27.4,22.9,0.0,5.6,20,0.769,7.35
F-071,2026-08-23,Corn,Dekalb DKC64-35,88,Maturity,45.0,20.1,7.06,100.5,48.0,197.3,21.8,94.2,7.6,18.2,19.0,0.0,0.0,6.0,22,0.8,8.04
F-071,2026-08-24,Corn,Dekalb DKC64-35,89,Maturity,36.8,22.1,7.11,100.1,47.9,197.1,23.0,60.5,0.0,9.7,26.5,0.0,0.0,6.1,21,0.784,7.57
F-071,2026-08-25,Corn,Dekalb DKC64-35,90,Maturity,66.5,21.0,7.1,99.7,47.8,197.0,23.2,87.0,20.5,16.3,15.2,23.4,0.0,6.0,24,0.783,6.69
F-071,2026-08-26,Corn,Dekalb DKC64-35,91,Maturity,67.8,22.9,7.17,99.3,47.7,196.8,24.8,68.0,7.9,9.0,12.3,0.0,0.0,6.1,23,0.763,6.9
F-071,2026-08-27,Corn,Dekalb DKC64-35,92,Maturity,59.7,22.8,7.17,98.9,47.6,196.7,25.1,89.2,0.9,2.0,22.9,0.0,0.0,6.4,20,0.797,6.97
F-071,2026-08-28,Corn,Dekalb DKC64-35,93,Maturity,53.2,20.5,7.12,98.5,47.5,196.5,21.7,76.7,0.0,18.4,28.9,0.0,0.0,6.5,22,0.73,6.83
F-071,2026-08-29,Corn,Dekalb DKC64-35,94,Maturity,54.6,22.7,7.09,98.1,47.4,196.4,25.5,83.1,8.4,8.8,10.9,0.0,0.0,6.7,20,0.776,7.27
F-071,2026-08-30,Corn,Dekalb DKC64-35,95,Maturity,48.9,31.5,7.05,97.7,47.3,196.2,34.1,67.1,0.0,11.5,21.6,0.0,0.0,6.4,23,0.796,7.22
F-071,2026-08-31,Corn,Dekalb DKC64-35,96,Maturity,39.8,29.3,7.15,97.3,47.2,196.1,31.3,80.8,0.0,14.1,21.0,0.0,0.0,6.2,23,0.794,6.97
F-071,2026-09-01,Corn,Dekalb DKC64-35,97,Maturity,34.4,26.2,7.09,96.9,47.1,195.9,27.7,61.9,0.0,9.7,27.1,0.0,0.0,6.4,23,0.783,7.22
F-072,2026-08-18,Wheat,WB9719,62,Grain/Pod Filling,49.1,19.8,7.11,47.3,29.6,194.0,21.6,51.2,0.0,15.1,17.6,0.0,0.0,4.8,11,0.787,4.45
F-072,2026-08-19,Wheat,WB9719,63,Grain/Pod Filling,45.3,25.1,7.09,46.9,29.5,193.8,26.6,93.5,0.0,13.9,23.4,0.0,0.0,4.9,13,0.783,4.51
F-072,2026-08-20,Wheat,WB9719,64,Grain/Pod Filling,40.2,23.7,7.17,46.5,29.4,193.7,24.4,45.9,0.0,16.2,17.1,0.0,0.0,4.8,11,0.795,4.44
F-072,2026-08-21,Wheat,WB9719,65,Grain/Pod Filling,34.8,22.6,7.25,87.1,41.6,201.7,24.0,41.7,0.0,18.9,12.4,0.0,41.0,4.3,12,0.77,4.47
F-072,2026-08-22,Wheat,WB9719,66,Grain/Pod Filling,28.7,22.7,7.14,45.7,29.2,193.4,24.6,62.3,0.0,21.7,19.4,0.0,0.0,4.8,9,0.753,3.86
F-072,2026-08-23,Wheat,WB9719,67,Grain/Pod Filling,52.6,22.3,7.2,45.3,29.1,193.2,24.7,62.6,0.0,14.4,20.7,33.9,0.0,4.9,11,0.764,4.18
F-072,2026-08-24,Wheat,WB9719,68,Grain/Pod Filling,46.1,25.2,7.08,44.9,29.0,193.1,26.7,72.8,0.0,13.8,17.8,0.0,0.0,5.9,8,0.748,4.2
F-072,2026-08-25,Wheat,WB9719,69,Grain/Pod Filling,44.5,17.1,7.12,44.5,28.9,192.9,18.1,55.2,0.0,4.4,21.7,0.0,0.0,6.3,11,0.754,4.08
F-072,2026-08-26,Wheat,WB9719,70,Grain/Pod Filling,40.4,26.4,7.2,44.1,28.8,192.8,28.3,54.2,0.0,14.4,14.6,0.0,0.0,6.3,10,0.762,4.58
F-072,2026-08-27,Wheat,WB9719,71,Grain/Pod Filling,41.6,24.9,7.15,43.7,28.7,192.6,27.9,98.0,8.6,7.9,20.3,0.0,0.0,5.6,8,0.794,4.13
F-072,2026-08-28,Wheat,WB9719,72,Grain/Pod Filling,32.3,29.4,7.11,43.3,28.6,192.5,32.0,79.0,0.0,7.6,15.4,0.0,0.0,5.1,7,0.787,4.15
F-072,2026-08-29,Wheat,WB9719,73,Grain/Pod Filling,47.2,23.9,7.23,42.9,28.5,192.3,26.1,50.2,0.0,16.9,16.2,21.7,0.0,3.8,7,0.769,4.13
F-072,2026-08-30,Wheat,WB9719,74,Grain/Pod Filling,40.7,23.0,7.15,42.5,28.4,192.2,25.4,74.5,0.0,12.4,27.6,0.0,0.0,3.7,7,0.778,4.53
F-072,2026-08-31,Wheat,WB9719,75,Maturity,46.0,20.7,7.2,42.1,28.3,192.0,23.3,98.0,13.4,15.9,8.0,0.0,0.0,2.9,9,0.791,4.57
F-072,2026-09-01,Wheat,WB9719,76,Maturity,37.5,20.5,7.13,41.7,28.2,191.9,24.1,67.9,0.0,15.1,26.7,0.0,0.0,2.9,9,0.78,4.56
F-073,2026-08-18,Corn,NK Corn N78N,77,Maturity,47.8,31.6,7.05,36.6,16.7,194.7,34.9,82.1,0.0,12.9,20.6,0.0,0.0,4.9,6,0.792,6.32
F-073,2026-08-19,Corn,NK Corn N78N,78,Maturity,43.2,24.4,7.0,36.2,16.6,194.5,25.9,65.3,0.0,12.5,32.0,0.0,0.0,5.6,2,0.779,7.25
F-073,2026-08-20,Corn,NK Corn N78N,79,Maturity,36.9,26.6,7.05,35.8,16.5,194.4,28.8,58.6,0.0,14.1,19.9,0.0,0.0,5.2,2,0.789,6.96
F-073,2026-08-21,Corn,NK Corn N78N,80,Maturity,31.3,22.5,7.05,35.4,16.4,194.2,25.4,54.6,0.0,14.9,26.0,0.0,0.0,4.8,3,0.763,6.33
F-073,2026-08-22,Corn,NK Corn N78N,81,Maturity,51.9,20.4,7.06,35.0,16.3,194.1,20.4,77.7,0.0,12.7,12.7,28.0,0.0,4.7,2,0.758,7.17
F-073,2026-08-23,Corn,NK Corn N78N,82,Maturity,47.3,18.2,7.08,34.6,16.2,193.9,18.0,67.2,0.0,12.1,23.8,0.0,0.0,5.3,3,0.76,7.36
F-073,2026-08-24,Corn,NK Corn N78N,83,Maturity,37.6,27.8,6.93,34.2,16.1,193.8,29.8,58.4,0.0,16.8,16.9,0.0,0.0,5.3,2,0.747,6.9
F-073,2026-08-25,Corn,NK Corn N78N,84,Maturity,38.4,20.4,7.04,33.8,16.0,193.6,20.4,90.2,9.3,3.9,14.4,0.0,0.0,5.2,2,0.781,7.27
F-073,2026-08-26,Corn,NK Corn N78N,85,Maturity,31.0,23.1,6.93,33.4,15.9,193.5,25.2,68.5,0.0,8.8,23.8,0.0,0.0,5.2,2,0.732,6.2
F-073,2026-08-27,Corn,NK Corn N78N,86,Maturity,42.9,19.9,6.99,33.0,15.8,193.3,19.8,72.5,2.0,7.8,21.5,16.6,0.0,4.8,5,0.793,6.85
F-073,2026-08-28,Corn,NK Corn N78N,87,Maturity,35.7,25.3,6.99,32.6,15.7,193.2,28.5,66.6,0.0,17.6,20.7,0.0,0.0,4.8,2,0.787,6.88
F-073,2026-08-29,Corn,NK Corn N78N,88,Maturity,54.2,25.8,7.06,32.2,15.6,193.0,29.1,69.4,0.0,19.1,25.0,28.9,0.0,5.0,4,0.79,7.06
F-073,2026-08-30,Corn,NK Corn N78N,89,Maturity,49.2,22.8,7.09,31.8,15.5,192.9,25.2,48.5,0.0,15.4,20.8,0.0,0.0,4.7,6,0.765,7.24
F-073,2026-08-31,Corn,NK Corn N78N,90,Maturity,52.2,19.4,6.96,31.4,15.4,192.7,21.3,70.0,8.3,13.7,21.0,0.0,0.0,4.5,8,0.753,6.64
F-073,2026-09-01,Corn,NK Corn N78N,91,Maturity,46.4,26.9,7.0,31.0,15.3,192.6,29.8,56.7,0.0,12.2,24.8,0.0,0.0,4.9,10,0.778,7.6
F-074,2026-08-18,Wheat,WB9719,33,Flowering,50.3,21.9,6.15,129.0,63.5,149.8,22.9,73.0,0.0,6.5,28.2,0.0,0.0,4.7,20,0.769,4.09
F-074,2026-08-19,Wheat,WB9719,34,Flowering,44.2,23.2,6.07,128.6,63.4,149.7,25.8,74.4,0.0,22.6,24.9,0.0,0.0,4.6,18,0.733,4.45
F-074,2026-08-20,Wheat,WB9719,35,Flowering,47.2,23.7,6.07,128.2,63.3,149.5,24.3,85.0,7.8,15.5,20.9,0.0,0.0,4.8,20,0.762,4.36
F-074,2026-08-21,Wheat,WB9719,36,Flowering,40.9,22.2,6.22,127.8,63.2,149.4,23.3,66.2,0.0,7.3,22.5,0.0,0.0,5.2,19,0.744,4.3
F-074,2026-08-22,Wheat,WB9719,37,Flowering,32.8,27.4,6.11,127.4,63.1,149.2,28.7,73.3,0.0,16.9,21.1,0.0,0.0,5.2,15,0.806,4.38
F-074,2026-08-23,Wheat,WB9719,38,Flowering,32.6,19.8,6.12,127.0,63.0,149.1,20.4,98.0,4.3,8.1,27.9,0.0,0.0,5.3,11,0.778,4.51
F-074,2026-08-24,Wheat,WB9719,39,Flowering,44.0,17.6,6.19,126.6,62.9,148.9,17.8,59.1,0.0,9.6,23.2,16.7,0.0,5.2,10,0.768,4.56
F-074,2026-08-25,Wheat,WB9719,40,Flowering,37.4,23.8,6.07,176.5,77.8,158.8,23.7,72.0,0.0,12.9,27.8,0.0,50.3,5.0,10,0.789,4.37
F-074,2026-08-26,Wheat,WB9719,41,Flowering,31.1,30.5,6.13,125.8,62.7,148.6,32.2,63.0,0.0,13.5,25.3,0.0,0.0,5.0,10,0.792,4.29
F-074,2026-08-27,Wheat,WB9719,42,Flowering,47.2,18.2,6.2,125.4,62.6,148.5,19.5,62.3,0.0,11.1,24.4,24.9,0.0,5.1,8,0.764,4.18
F-074,2026-08-28,Wheat,WB9719,43,Flowering,46.9,21.4,6.13,125.0,62.5,148.3,22.5,95.1,2.2,14.9,16.5,0.0,0.0,5.7,6,0.795,4.38
F-074,2026-08-29,Wheat,WB9719,44,Flowering,37.8,28.9,6.22,124.6,62.4,148.2,31.8,52.4,0.0,14.0,23.5,0.0,0.0,5.7,3,0.787,4.48
F-074,2026-08-30,Wheat,WB9719,45,Flowering,62.4,28.0,6.16,124.2,62.3,148.0,28.8,57.2,0.0,15.6,18.9,34.3,0.0,6.3,6,0.789,4.01
F-074,2026-08-31,Wheat,WB9719,46,Flowering,52.3,24.9,6.18,123.8,62.2,147.9,27.2,55.9,0.0,18.2,29.5,0.0,0.0,7.2,8,0.801,4.42
F-074,2026-09-01,Wheat,WB9719,47,Flowering,43.7,26.8,6.13,123.4,62.1,147.7,28.9,45.2,0.0,11.9,21.3,0.0,0.0,7.5,8,0.776,4.38
F-075,2026-08-18,Cotton,PhytoGen PHY400,41,Flowering,45.8,31.7,6.02,86.2,60.9,88.8,34.2,77.3,0.0,7.3,25.3,0.0,0.0,5.0,7,0.769,2.27
F-075,2026-08-19,Cotton,PhytoGen PHY400,42,Flowering,37.1,27.5,6.06,85.8,60.8,88.6,29.0,67.1,0.0,13.8,16.1,0.0,0.0,4.9,4,0.766,2.17
F-075,2026-08-20,Cotton,PhytoGen PHY400,43,Flowering,53.0,21.4,6.1,85.4,60.7,88.5,21.9,65.6,0.0,17.6,21.7,23.1,0.0,6.0,4,0.772,2.2
F-075,2026-08-21,Cotton,PhytoGen PHY400,44,Flowering,48.3,23.2,6.08,85.0,60.6,88.3,23.6,94.7,0.0,11.3,25.1,0.0,0.0,5.9,2,0.778,2.13
F-075,2026-08-22,Cotton,PhytoGen PHY400,45,Flowering,41.2,26.6,6.05,84.6,60.5,88.2,29.0,52.2,0.0,22.8,27.8,0.0,0.0,5.3,5,0.746,2.21
F-075,2026-08-23,Cotton,PhytoGen PHY400,46,Flowering,45.0,19.6,6.12,84.2,60.4,88.0,19.6,65.8,10.7,6.0,14.5,0.0,0.0,5.0,2,0.814,2.2
F-075,2026-08-24,Cotton,PhytoGen PHY400,47,Flowering,38.8,24.8,6.07,83.8,60.3,87.9,27.5,61.9,0.0,11.8,24.7,0.0,0.0,5.8,3,0.799,2.04
F-075,2026-08-25,Cotton,PhytoGen PHY400,48,Flowering,57.9,16.3,6.08,83.4,60.2,87.7,17.7,51.7,0.0,10.2,18.7,29.3,0.0,5.9,4,0.796,2.18
F-075,2026-08-26,Cotton,PhytoGen PHY400,49,Flowering,53.9,24.0,6.05,83.0,60.1,87.6,25.1,76.9,0.0,13.2,18.8,0.0,0.0,6.4,2,0.761,2.26
F-075,2026-08-27,Cotton,PhytoGen PHY400,50,Grain/Pod Filling,52.9,20.1,6.08,82.6,60.0,87.4,20.9,77.8,2.4,14.4,26.4,0.0,0.0,5.6,4,0.791,2.24
F-075,2026-08-28,Cotton,PhytoGen PHY400,51,Grain/Pod Filling,45.6,20.7,6.02,82.2,59.9,87.3,23.4,62.1,0.0,17.3,22.4,0.0,0.0,5.6,2,0.774,2.16
F-075,2026-08-29,Cotton,PhytoGen PHY400,52,Grain/Pod Filling,37.1,30.7,6.08,81.8,59.8,87.1,32.9,57.1,0.0,8.0,16.4,0.0,0.0,5.4,2,0.795,2.18
F-075,2026-08-30,Cotton,PhytoGen PHY400,53,Grain/Pod Filling,58.7,20.5,6.02,81.4,59.7,87.0,22.3,73.1,0.0,19.8,23.7,29.0,0.0,4.6,2,0.792,2.23
F-075,2026-08-31,Cotton,PhytoGen PHY400,54,Grain/Pod Filling,53.0,29.5,6.09,81.0,59.6,86.8,31.0,76.7,0.0,18.9,23.4,0.0,0.0,4.5,3,0.78,2.06
F-075,2026-09-01,Cotton,PhytoGen PHY400,55,Grain/Pod Filling,47.9,23.6,6.1,80.6,59.5,86.7,24.5,60.9,0.0,5.8,22.0,0.0,0.0,4.6,5,0.786,2.2
F-076,2026-08-18,Cotton,Deltapine DP1646,54,Grain/Pod Filling,22.7,24.8,5.86,105.0,50.7,177.9,26.4,55.5,0.0,16.3,19.0,0.0,0.0,4.9,6,0.758,1.75
F-076,2026-08-19,Cotton,Deltapine DP1646,55,Grain/Pod Filling,14.2,20.6,5.87,104.6,50.6,177.8,21.9,44.4,0.0,14.0,23.9,0.0,0.0,4.9,7,0.718,1.71
F-076,2026-08-20,Cotton,Deltapine DP1646,56,Grain/Pod Filling,8.0,23.2,5.78,104.2,50.5,177.6,24.2,55.5,0.0,11.2,24.6,0.0,0.0,4.9,7,0.632,1.41
F-076,2026-08-21,Cotton,Deltapine DP1646,57,Grain/Pod Filling,8.0,22.6,5.83,103.8,50.4,177.5,24.7,90.6,0.0,11.6,28.4,0.0,0.0,4.4,10,0.669,1.44
F-076,2026-08-22,Cotton,Deltapine DP1646,58,Grain/Pod Filling,27.3,17.5,5.92,103.4,50.3,177.3,19.9,78.5,32.6,11.0,8.0,0.0,0.0,4.8,6,0.767,1.98
F-076,2026-08-23,Cotton,Deltapine DP1646,59,Grain/Pod Filling,28.6,21.4,5.82,103.0,50.2,177.2,22.8,80.6,11.6,11.9,17.8,0.0,0.0,4.0,6,0.761,2.06
F-076,2026-08-24,Cotton,Deltapine DP1646,60,Grain/Pod Filling,21.6,21.2,5.9,102.6,50.1,177.0,20.9,64.1,0.0,12.8,21.7,0.0,0.0,3.9,5,0.727,1.89
F-076,2026-08-25,Cotton,Deltapine DP1646,61,Grain/Pod Filling,12.6,28.3,5.86,102.2,50.0,176.9,29.0,76.0,0.0,12.3,19.6,0.0,0.0,3.8,6,0.695,1.66
F-076,2026-08-26,Cotton,Deltapine DP1646,62,Grain/Pod Filling,8.0,21.3,5.96,101.8,49.9,176.7,23.3,56.3,0.0,11.7,21.6,0.0,0.0,3.4,3,0.683,1.57
F-076,2026-08-27,Cotton,Deltapine DP1646,63,Grain/Pod Filling,8.0,23.0,5.91,101.4,49.8,176.6,24.0,58.6,0.0,10.2,25.5,0.0,0.0,2.6,4,0.683,1.5
F-076,2026-08-28,Cotton,Deltapine DP1646,64,Grain/Pod Filling,8.0,21.4,5.9,101.0,49.7,176.4,24.5,97.5,2.1,13.4,24.6,0.0,0.0,2.7,4,0.698,1.41
F-076,2026-08-29,Cotton,Deltapine DP1646,65,Grain/Pod Filling,8.0,26.9,5.87,166.2,69.3,189.4,28.5,55.7,0.0,10.0,22.2,0.0,65.6,2.3,2,0.705,1.6
F-076,2026-08-30,Cotton,Deltapine DP1646,66,Grain/Pod Filling,8.0,19.9,5.93,100.2,49.5,176.1,20.7,65.4,0.0,10.4,21.5,0.0,0.0,2.4,2,0.656,1.4
F-076,2026-08-31,Cotton,Deltapine DP1646,67,Grain/Pod Filling,8.0,23.3,5.86,99.8,49.4,176.0,25.2,56.1,0.0,20.2,27.2,0.0,0.0,2.1,5,0.654,1.46
F-076,2026-09-01,Cotton,Deltapine DP1646,68,Grain/Pod Filling,8.0,26.3,5.88,99.4,49.3,175.8,29.7,68.1,0.0,22.1,23.4,0.0,0.0,2.0,2,0.681,1.48
F-077,2026-08-18,Rice,Titan Hybrid,84,Maturity,63.7,22.4,5.85,50.1,46.4,95.7,25.5,82.2,15.5,11.8,20.4,0.0,0.0,4.0,13,0.789,5.88
F-077,2026-08-19,Rice,Titan Hybrid,85,Maturity,56.0,24.4,5.8,49.7,46.3,95.6,26.5,61.9,0.0,13.1,22.4,0.0,0.0,3.6,9,0.768,5.58
F-077,2026-08-20,Rice,Titan Hybrid,86,Maturity,45.8,26.8,5.83,49.3,46.2,95.4,28.9,80.2,0.0,15.2,22.8,0.0,0.0,3.9,7,0.785,5.57
F-077,2026-08-21,Rice,Titan Hybrid,87,Maturity,46.6,14.7,5.83,48.9,46.1,95.3,14.7,89.0,9.4,18.8,16.9,0.0,0.0,3.7,9,0.761,5.87
F-077,2026-08-22,Rice,Titan Hybrid,88,Maturity,42.1,18.4,5.87,48.5,46.0,95.1,18.6,42.2,0.0,13.6,22.5,0.0,0.0,3.7,5,0.766,5.69
F-077,2026-08-23,Rice,Titan Hybrid,89,Maturity,38.9,17.0,5.88,48.1,45.9,95.0,17.7,75.0,0.0,14.4,21.5,0.0,0.0,3.7,8,0.786,6.2
F-077,2026-08-24,Rice,Titan Hybrid,90,Maturity,29.5,25.5,5.87,47.7,45.8,94.8,27.2,58.0,0.0,12.8,17.5,0.0,0.0,3.2,6,0.765,5.23
F-077,2026-08-25,Rice,Titan Hybrid,91,Maturity,42.7,23.3,5.83,47.3,45.7,94.7,25.1,55.0,0.0,20.8,22.2,21.0,0.0,2.5,4,0.832,5.64
F-077,2026-08-26,Rice,Titan Hybrid,92,Maturity,34.0,24.3,5.87,46.9,45.6,94.5,27.0,79.8,0.0,9.3,20.1,0.0,0.0,2.8,5,0.825,6.17
F-077,2026-08-27,Rice,Titan Hybrid,93,Maturity,27.7,21.9,5.9,46.5,45.5,94.4,24.5,50.7,0.0,25.0,22.6,0.0,0.0,2.0,2,0.757,5.36
F-077,2026-08-28,Rice,Titan Hybrid,94,Maturity,53.8,23.3,5.92,46.1,45.4,94.2,25.0,55.7,0.0,12.6,21.6,34.8,0.0,2.1,2,0.789,6.48
F-077,2026-08-29,Rice,Titan Hybrid,95,Maturity,45.0,26.4,5.85,45.7,45.3,94.1,28.3,72.0,0.0,17.6,26.0,0.0,0.0,2.2,2,0.792,5.43
F-077,2026-08-30,Rice,Titan Hybrid,96,Maturity,41.2,21.3,5.84,45.3,45.2,93.9,22.6,67.6,0.0,14.5,22.8,0.0,0.0,3.2,2,0.779,5.93
F-077,2026-08-31,Rice,Titan Hybrid,97,Maturity,33.9,25.9,5.89,44.9,45.1,93.8,27.1,74.8,0.0,9.0,28.7,0.0,0.0,4.4,2,0.785,5.77
F-077,2026-09-01,Rice,Titan Hybrid,98,Maturity,66.1,22.8,5.8,44.5,45.0,93.6,22.9,86.2,23.0,18.4,8.0,23.0,0.0,5.1,2,0.778,5.89
F-078,2026-08-18,Wheat,SY Monument,61,Grain/Pod Filling,46.9,26.0,6.67,33.9,57.7,184.6,27.4,63.6,0.0,15.3,22.2,0.0,0.0,5.1,75,0.735,3.55
F-078,2026-08-19,Wheat,SY Monument,62,Grain/Pod Filling,51.9,20.1,6.64,33.5,57.6,184.5,22.4,98.0,12.5,8.9,14.6,0.0,0.0,5.2,84,0.722,3.68
F-078,2026-08-20,Wheat,SY Monument,63,Grain/Pod Filling,47.4,26.3,6.64,33.1,57.5,184.3,26.9,76.4,2.1,21.7,20.0,0.0,0.0,5.4,90,0.685,3.45
F-078,2026-08-21,Wheat,SY Monument,64,Grain/Pod Filling,42.4,22.4,6.77,32.7,57.4,184.2,23.5,58.9,0.0,22.2,20.0,0.0,0.0,4.7,90,0.689,3.17
F-078,2026-08-22,Wheat,SY Monument,65,Grain/Pod Filling,36.5,22.9,6.6,77.4,70.8,193.1,24.0,76.0,0.0,13.2,25.1,0.0,45.1,3.9,88,0.721,3.74
F-078,2026-08-23,Wheat,SY Monument,66,Grain/Pod Filling,41.5,28.5,6.7,31.9,57.2,183.9,29.2,73.3,0.0,15.5,13.5,15.3,0.0,4.0,86,0.708,3.31
F-078,2026-08-24,Wheat,SY Monument,67,Grain/Pod Filling,33.7,26.7,6.75,31.5,57.1,183.7,29.3,70.5,0.0,12.8,20.1,0.0,0.0,4.2,96,0.7,3.12
F-078,2026-08-25,Wheat,SY Monument,68,Grain/Pod Filling,50.6,23.0,6.7,31.1,57.0,183.6,25.9,63.1,0.0,11.8,15.7,26.8,0.0,5.0,106,0.674,3.34
F-078,2026-08-26,Wheat,SY Monument,69,Grain/Pod Filling,42.2,23.8,6.77,30.7,56.9,183.4,26.8,54.9,0.0,13.1,22.3,0.0,0.0,5.2,113,0.71,3.15
F-078,2026-08-27,Wheat,SY Monument,70,Grain/Pod Filling,40.9,24.0,6.59,30.3,56.8,183.3,26.3,69.7,6.4,2.0,14.5,0.0,0.0,5.5,113,0.691,3.13
F-078,2026-08-28,Wheat,SY Monument,71,Grain/Pod Filling,35.1,23.0,6.72,29.9,56.7,183.1,24.7,91.0,3.4,6.3,23.9,0.0,0.0,5.5,115,0.627,2.78
F-078,2026-08-29,Wheat,SY Monument,72,Grain/Pod Filling,32.4,20.9,6.69,29.5,56.6,183.0,23.0,77.8,0.0,9.7,18.7,0.0,0.0,5.6,114,0.665,2.89
F-078,2026-08-30,Wheat,SY Monument,73,Grain/Pod Filling,28.5,26.2,6.63,29.1,56.5,182.8,29.9,70.5,0.0,16.3,25.6,0.0,0.0,5.8,125,0.641,2.58
F-078,2026-08-31,Wheat,SY Monument,74,Grain/Pod Filling,24.3,24.1,6.67,28.7,56.4,182.7,23.7,60.2,0.0,15.3,23.0,0.0,0.0,5.7,123,0.624,2.22
F-078,2026-09-01,Wheat,SY Monument,75,Maturity,38.9,25.1,6.78,28.3,56.3,182.5,27.7,67.2,0.0,17.3,23.7,21.7,0.0,6.0,134,0.705,3.15
F-079,2026-08-18,Soybean,Pioneer P31T77E,59,Grain/Pod Filling,47.8,18.6,7.06,49.7,18.2,110.4,19.1,53.6,0.0,14.1,24.1,0.0,0.0,4.5,6,0.788,3.64
F-079,2026-08-19,Soybean,Pioneer P31T77E,60,Grain/Pod Filling,42.9,25.4,7.09,49.3,18.1,110.3,27.9,42.0,0.0,13.4,21.3,0.0,0.0,4.9,2,0.79,3.52
F-079,2026-08-20,Soybean,Pioneer P31T77E,61,Grain/Pod Filling,34.9,22.4,7.05,48.9,18.0,110.1,25.4,75.1,0.0,19.4,21.9,0.0,0.0,6.3,5,0.775,3.73
F-079,2026-08-21,Soybean,Pioneer P31T77E,62,Grain/Pod Filling,29.3,22.7,7.06,48.5,17.9,110.0,22.8,69.8,0.0,13.5,24.7,0.0,0.0,6.9,2,0.771,3.35
F-079,2026-08-22,Soybean,Pioneer P31T77E,63,Grain/Pod Filling,49.6,20.4,7.05,48.1,17.8,109.8,21.3,80.3,0.0,21.9,20.8,28.0,0.0,6.9,2,0.744,3.63
F-079,2026-08-23,Soybean,Pioneer P31T77E,64,Grain/Pod Filling,43.3,24.9,7.15,47.7,17.7,109.7,26.2,68.9,0.0,10.2,20.6,0.0,0.0,6.2,2,0.787,3.74
F-079,2026-08-24,Soybean,Pioneer P31T77E,65,Grain/Pod Filling,34.5,26.4,7.08,47.3,17.6,109.5,29.2,65.2,0.0,26.0,24.1,0.0,0.0,5.9,3,0.774,3.37
F-079,2026-08-25,Soybean,Pioneer P31T77E,66,Grain/Pod Filling,45.4,21.2,7.07,46.9,17.5,109.4,23.1,57.3,0.0,16.6,25.1,19.5,0.0,5.5,4,0.789,3.46
F-079,2026-08-26,Soybean,Pioneer P31T77E,67,Grain/Pod Filling,42.0,24.5,7.07,46.5,17.4,109.2,25.6,60.8,0.0,16.8,26.4,0.0,0.0,5.1,3,0.766,3.74
F-079,2026-08-27,Soybean,Pioneer P31T77E,68,Grain/Pod Filling,35.3,20.7,7.11,46.1,17.3,109.1,23.5,51.2,0.0,11.9,19.6,0.0,0.0,5.6,6,0.781,3.67
F-079,2026-08-28,Soybean,Pioneer P31T77E,69,Grain/Pod Filling,61.2,23.6,7.05,45.7,17.2,108.9,26.3,59.2,0.0,11.3,18.0,34.0,0.0,5.8,4,0.776,3.93
F-079,2026-08-29,Soybean,Pioneer P31T77E,70,Grain/Pod Filling,54.0,25.2,6.98,45.3,17.1,108.8,27.0,74.1,0.0,15.9,15.9,0.0,0.0,5.7,4,0.784,3.86
F-079,2026-08-30,Soybean,Pioneer P31T77E,71,Grain/Pod Filling,45.1,27.6,7.08,44.9,17.0,108.6,29.7,60.1,0.0,17.9,20.1,0.0,0.0,3.7,2,0.783,3.82
F-079,2026-08-31,Soybean,Pioneer P31T77E,72,Grain/Pod Filling,39.8,21.0,7.14,44.5,16.9,108.5,23.5,65.6,0.0,28.0,17.5,0.0,0.0,3.5,2,0.829,3.91
F-079,2026-09-01,Soybean,Pioneer P31T77E,73,Grain/Pod Filling,50.2,25.0,7.12,44.1,16.8,108.3,27.4,54.5,0.0,9.5,27.2,21.2,0.0,4.4,3,0.796,3.8
F-080,2026-08-18,Soybean,Asgrow AG36X6,65,Grain/Pod Filling,47.9,25.5,6.46,91.2,55.5,169.7,26.1,61.6,0.0,11.6,20.3,0.0,0.0,4.5,9,0.762,3.67
F-080,2026-08-19,Soybean,Asgrow AG36X6,66,Grain/Pod Filling,42.6,24.9,6.4,90.8,55.4,169.5,26.3,68.4,0.0,9.8,26.7,0.0,0.0,4.5,7,0.782,3.86
F-080,2026-08-20,Soybean,Asgrow AG36X6,67,Grain/Pod Filling,35.5,19.6,6.5,90.4,55.3,169.4,20.6,73.5,0.0,16.3,24.5,0.0,0.0,4.4,6,0.813,3.85
F-080,2026-08-21,Soybean,Asgrow AG36X6,68,Grain/Pod Filling,34.2,23.4,6.42,90.0,55.2,169.2,23.9,66.1,0.0,18.8,23.5,0.0,0.0,4.4,8,0.773,3.72
F-080,2026-08-22,Soybean,Asgrow AG36X6,69,Grain/Pod Filling,41.9,27.8,6.37,89.6,55.1,169.1,30.3,67.1,0.0,15.3,27.5,18.1,0.0,4.7,10,0.766,3.55
F-080,2026-08-23,Soybean,Asgrow AG36X6,70,Grain/Pod Filling,37.5,22.6,6.46,89.2,55.0,168.9,23.9,71.3,0.0,17.9,18.9,0.0,0.0,4.8,9,0.771,3.46
F-080,2026-08-24,Soybean,Asgrow AG36X6,71,Grain/Pod Filling,53.8,23.9,6.46,88.8,54.9,168.8,25.7,48.2,0.0,7.8,20.1,27.0,0.0,4.9,5,0.761,3.85
F-080,2026-08-25,Soybean,Asgrow AG36X6,72,Grain/Pod Filling,51.7,17.8,6.41,88.4,54.8,168.6,19.5,97.5,1.9,14.5,24.9,0.0,0.0,5.1,4,0.847,3.8
F-080,2026-08-26,Soybean,Asgrow AG36X6,73,Grain/Pod Filling,44.5,27.1,6.4,88.0,54.7,168.5,29.5,67.0,0.0,7.6,27.1,0.0,0.0,5.2,2,0.82,3.82
F-080,2026-08-27,Soybean,Asgrow AG36X6,74,Grain/Pod Filling,37.2,22.2,6.46,87.6,54.6,168.3,24.2,70.6,0.0,12.5,21.0,0.0,0.0,5.2,5,0.791,3.86
F-080,2026-08-28,Soybean,Asgrow AG36X6,75,Maturity,50.3,23.7,6.49,87.2,54.5,168.2,25.0,69.6,0.0,15.7,18.7,21.2,0.0,4.9,5,0.781,3.59
F-080,2026-08-29,Soybean,Asgrow AG36X6,76,Maturity,44.1,20.7,6.52,86.8,54.4,168.0,22.2,50.0,0.0,14.1,22.3,0.0,0.0,4.0,6,0.804,3.44
F-080,2026-08-30,Soybean,Asgrow AG36X6,77,Maturity,41.7,21.7,6.39,86.4,54.3,167.9,23.3,85.7,3.8,11.1,25.8,0.0,0.0,4.3,5,0.788,3.8
F-080,2026-08-31,Soybean,Asgrow AG36X6,78,Maturity,37.4,20.9,6.49,86.0,54.2,167.7,23.4,56.7,0.0,17.0,25.0,0.0,0.0,5.5,5,0.802,3.9
F-080,2026-09-01,Soybean,Asgrow AG36X6,79,Maturity,34.1,21.7,6.41,85.6,54.1,167.6,23.9,68.6,0.0,19.1,27.1,0.0,0.0,6.0,5,0.787,3.78
F-081,2026-08-18,Rice,Diamond Long-Grain,75,Maturity,26.5,21.0,7.34,54.2,36.0,190.4,23.1,79.3,0.9,15.4,23.3,0.0,0.0,4.4,11,0.756,4.83
F-081,2026-08-19,Rice,Diamond Long-Grain,76,Maturity,18.8,28.8,7.3,53.8,35.9,190.2,31.7,63.2,0.0,13.5,16.0,0.0,0.0,4.3,12,0.69,4.41
F-081,2026-08-20,Rice,Diamond Long-Grain,77,Maturity,12.5,20.7,7.38,53.4,35.8,190.1,22.6,68.4,0.0,17.2,21.7,0.0,0.0,4.1,14,0.684,3.79
F-081,2026-08-21,Rice,Diamond Long-Grain,78,Maturity,8.5,22.6,7.31,53.0,35.7,189.9,23.2,84.8,2.7,16.1,26.4,0.0,0.0,4.5,16,0.694,3.44
F-081,2026-08-22,Rice,Diamond Long-Grain,79,Maturity,8.0,25.6,7.38,52.6,35.6,189.8,28.0,52.0,0.0,14.1,18.1,0.0,0.0,4.5,12,0.678,3.64
F-081,2026-08-23,Rice,Diamond Long-Grain,80,Maturity,8.0,22.4,7.35,52.2,35.5,189.6,23.5,59.1,0.0,19.9,20.2,0.0,0.0,4.8,8,0.668,3.68
F-081,2026-08-24,Rice,Diamond Long-Grain,81,Maturity,8.0,25.1,7.36,51.8,35.4,189.5,27.3,66.2,0.0,15.5,16.3,0.0,0.0,5.3,4,0.697,3.72
F-081,2026-08-25,Rice,Diamond Long-Grain,82,Maturity,8.0,27.1,7.41,51.4,35.3,189.3,29.8,71.3,0.0,13.1,18.4,0.0,0.0,4.9,7,0.67,3.72
F-081,2026-08-26,Rice,Diamond Long-Grain,83,Maturity,8.0,23.5,7.27,51.0,35.2,189.2,27.3,92.4,4.9,15.2,16.5,0.0,0.0,5.6,9,0.676,3.51
F-081,2026-08-27,Rice,Diamond Long-Grain,84,Maturity,8.0,21.5,7.4,50.6,35.1,189.0,23.6,64.4,0.0,20.0,22.2,0.0,0.0,7.2,7,0.698,3.65
F-081,2026-08-28,Rice,Diamond Long-Grain,85,Maturity,8.0,18.1,7.37,50.2,35.0,188.9,19.8,90.6,3.5,18.6,15.3,0.0,0.0,8.6,3,0.67,3.52
F-081,2026-08-29,Rice,Diamond Long-Grain,86,Maturity,20.1,22.9,7.4,49.8,34.9,188.7,24.1,92.0,20.1,15.5,20.5,0.0,0.0,8.4,2,0.741,4.54
F-081,2026-08-30,Rice,Diamond Long-Grain,87,Maturity,13.7,27.8,7.38,49.4,34.8,188.6,29.7,60.1,0.0,11.1,14.8,0.0,0.0,8.8,2,0.708,4.1
F-081,2026-08-31,Rice,Diamond Long-Grain,88,Maturity,8.6,18.3,7.32,49.0,34.7,188.4,20.1,66.4,0.0,14.3,18.7,0.0,0.0,8.7,2,0.673,3.78
F-081,2026-09-01,Rice,Diamond Long-Grain,89,Maturity,8.0,19.6,7.33,48.6,34.6,188.3,20.0,98.0,0.4,12.7,19.0,0.0,0.0,8.6,2,0.678,3.63
F-082,2026-08-18,Soybean,Brevant B281EE,39,Flowering,49.0,23.6,5.83,50.0,53.6,97.6,25.3,54.8,0.0,19.9,26.5,0.0,0.0,4.7,18,0.769,3.78
F-082,2026-08-19,Soybean,Brevant B281EE,40,Flowering,43.4,27.4,5.76,132.1,78.3,113.9,29.3,71.3,0.0,22.5,26.8,0.0,82.5,5.1,14,0.778,3.73
F-082,2026-08-20,Soybean,Brevant B281EE,41,Flowering,37.5,19.6,5.8,49.2,53.4,97.3,20.7,56.3,0.0,21.0,23.2,0.0,0.0,4.9,11,0.778,3.79
F-082,2026-08-21,Soybean,Brevant B281EE,42,Flowering,30.6,22.1,5.76,48.8,53.3,97.1,24.2,48.7,0.0,5.1,19.2,0.0,0.0,5.9,12,0.739,3.47
F-082,2026-08-22,Soybean,Brevant B281EE,43,Flowering,47.3,16.5,5.74,48.4,53.2,97.0,18.8,77.3,4.2,13.8,17.7,20.7,0.0,5.8,9,0.785,4.0
F-082,2026-08-23,Soybean,Brevant B281EE,44,Flowering,41.5,24.9,5.73,48.0,53.1,96.8,26.2,55.7,0.0,22.4,21.1,0.0,0.0,6.2,11,0.76,3.86
F-082,2026-08-24,Soybean,Brevant B281EE,45,Flowering,51.9,22.0,5.87,47.6,53.0,96.7,21.8,76.2,22.1,10.0,14.1,0.0,0.0,6.6,9,0.782,3.7
F-082,2026-08-25,Soybean,Brevant B281EE,46,Flowering,46.6,26.9,5.78,47.2,52.9,96.5,29.2,73.0,0.0,8.4,24.6,0.0,0.0,6.3,6,0.748,3.86
F-082,2026-08-26,Soybean,Brevant B281EE,47,Flowering,43.4,21.5,5.9,46.8,52.8,96.4,24.3,79.9,0.0,10.9,21.7,0.0,0.0,6.2,3,0.793,3.81
F-082,2026-08-27,Soybean,Brevant B281EE,48,Flowering,35.4,27.3,5.83,46.4,52.7,96.2,28.6,46.1,0.0,17.0,25.0,0.0,0.0,6.9,2,0.81,3.57
F-082,2026-08-28,Soybean,Brevant B281EE,49,Flowering,25.9,27.9,5.67,46.0,52.6,96.1,30.1,63.1,0.0,11.4,23.5,0.0,0.0,6.0,4,0.772,3.26
F-082,2026-08-29,Soybean,Brevant B281EE,50,Grain/Pod Filling,47.7,20.2,5.73,45.6,52.5,95.9,24.1,68.5,0.0,6.4,16.8,30.9,0.0,5.0,2,0.785,3.56
F-082,2026-08-30,Soybean,Brevant B281EE,51,Grain/Pod Filling,41.0,26.3,5.78,45.2,52.4,95.8,28.1,50.9,0.0,13.2,21.0,0.0,0.0,4.8,2,0.743,3.8
F-082,2026-08-31,Soybean,Brevant B281EE,52,Grain/Pod Filling,32.9,28.7,5.76,44.8,52.3,95.6,32.1,80.5,0.0,30.5,30.3,0.0,0.0,5.7,2,0.787,3.68
F-082,2026-09-01,Soybean,Brevant B281EE,53,Grain/Pod Filling,51.6,24.3,5.77,44.4,52.2,95.5,27.0,69.9,0.0,15.8,21.1,24.8,0.0,5.4,2,0.765,3.85
F-083,2026-08-18,Corn,Pioneer P1197,54,Grain/Pod Filling,48.5,21.7,6.98,131.4,27.4,128.6,23.0,68.0,0.0,18.5,27.1,0.0,0.0,4.6,18,0.775,7.7
F-083,2026-08-19,Corn,Pioneer P1197,55,Grain/Pod Filling,40.8,23.8,6.8,131.0,27.3,128.4,26.0,65.0,0.9,13.2,18.8,0.0,0.0,4.9,14,0.797,7.24
F-083,2026-08-20,Corn,Pioneer P1197,56,Grain/Pod Filling,34.3,26.2,6.95,130.6,27.2,128.3,29.3,73.2,0.0,3.0,22.1,0.0,0.0,5.5,11,0.787,7.49
F-083,2026-08-21,Corn,Pioneer P1197,57,Grain/Pod Filling,52.3,16.8,6.97,130.2,27.1,128.1,16.8,84.9,8.0,11.2,18.0,19.4,0.0,5.7,8,0.782,7.56
F-083,2026-08-22,Corn,Pioneer P1197,58,Grain/Pod Filling,52.1,20.5,6.92,129.8,27.0,128.0,22.7,66.3,7.7,10.3,14.0,0.0,0.0,5.4,4,0.779,7.26
F-083,2026-08-23,Corn,Pioneer P1197,59,Grain/Pod Filling,47.9,21.8,6.9,129.4,26.9,127.8,22.9,98.0,0.8,7.3,23.2,0.0,0.0,5.4,2,0.747,7.55
F-083,2026-08-24,Corn,Pioneer P1197,60,Grain/Pod Filling,46.5,14.6,6.96,129.0,26.8,127.7,17.2,60.0,0.0,17.6,21.6,0.0,0.0,5.6,2,0.741,7.48
F-083,2026-08-25,Corn,Pioneer P1197,61,Grain/Pod Filling,41.9,21.9,6.94,128.6,26.7,127.5,23.6,60.0,0.0,23.4,12.0,0.0,0.0,5.7,2,0.815,7.55
F-083,2026-08-26,Corn,Pioneer P1197,62,Grain/Pod Filling,42.3,21.2,6.89,128.2,26.6,127.4,22.4,78.7,3.1,10.8,21.4,0.0,0.0,5.3,2,0.786,7.05
F-083,2026-08-27,Corn,Pioneer P1197,63,Grain/Pod Filling,36.7,19.9,6.94,127.8,26.5,127.2,20.7,85.6,2.7,19.1,24.1,0.0,0.0,5.9,2,0.77,7.73
F-083,2026-08-28,Corn,Pioneer P1197,64,Grain/Pod Filling,56.1,23.2,6.99,127.4,26.4,127.1,24.5,46.5,0.0,14.6,15.1,27.1,0.0,5.9,5,0.774,7.48
F-083,2026-08-29,Corn,Pioneer P1197,65,Grain/Pod Filling,51.0,27.1,6.99,180.1,42.3,137.5,29.2,66.4,1.3,27.5,22.5,0.0,53.1,6.3,2,0.755,7.32
F-083,2026-08-30,Corn,Pioneer P1197,66,Grain/Pod Filling,44.0,23.3,6.94,126.6,26.2,126.8,25.9,72.6,0.0,6.1,28.7,0.0,0.0,6.5,2,0.797,7.32
F-083,2026-08-31,Corn,Pioneer P1197,67,Grain/Pod Filling,32.8,27.1,6.8,126.2,26.1,126.6,29.2,71.5,0.0,7.6,21.2,0.0,0.0,6.6,4,0.776,7.34
F-083,2026-09-01,Corn,Pioneer P1197,68,Grain/Pod Filling,27.7,24.2,6.79,125.8,26.0,126.5,27.1,79.6,0.0,22.9,20.5,0.0,0.0,6.6,4,0.783,6.73
F-084,2026-08-18,Rice,Diamond Long-Grain,59,Grain/Pod Filling,48.4,25.8,5.91,126.6,16.2,185.5,28.0,53.2,0.0,14.7,24.5,0.0,0.0,4.5,12,0.785,6.16
F-084,2026-08-19,Rice,Diamond Long-Grain,60,Grain/Pod Filling,43.8,21.3,5.95,126.2,16.1,185.4,23.1,62.3,0.0,8.2,18.5,0.0,0.0,5.5,10,0.791,6.11
F-084,2026-08-20,Rice,Diamond Long-Grain,61,Grain/Pod Filling,37.8,23.9,5.81,125.8,16.0,185.2,25.8,76.2,0.0,11.6,20.9,0.0,0.0,5.1,7,0.792,6.12
F-084,2026-08-21,Rice,Diamond Long-Grain,62,Grain/Pod Filling,60.6,24.5,5.85,125.4,15.9,185.1,25.8,57.0,0.0,11.1,21.7,30.1,0.0,4.7,5,0.775,6.24
F-084,2026-08-22,Rice,Diamond Long-Grain,63,Grain/Pod Filling,53.6,20.4,5.85,125.0,15.8,184.9,21.3,59.3,0.0,17.6,25.6,0.0,0.0,4.7,2,0.791,5.92
F-084,2026-08-23,Rice,Diamond Long-Grain,64,Grain/Pod Filling,51.9,14.8,5.78,124.6,15.7,184.8,14.8,62.4,0.0,4.0,13.6,0.0,0.0,4.7,3,0.765,5.49
F-084,2026-08-24,Rice,Diamond Long-Grain,65,Grain/Pod Filling,50.0,15.2,5.79,167.8,28.7,193.4,18.3,94.8,3.3,9.2,21.6,0.0,43.7,4.4,2,0.787,6.03
F-084,2026-08-25,Rice,Diamond Long-Grain,66,Grain/Pod Filling,43.7,22.4,5.81,123.8,15.5,184.5,23.0,68.5,0.0,21.3,32.0,0.0,0.0,4.5,2,0.8,6.02
F-084,2026-08-26,Rice,Diamond Long-Grain,67,Grain/Pod Filling,36.4,27.0,5.77,123.4,15.4,184.3,29.2,75.1,0.0,15.2,24.3,0.0,0.0,3.6,2,0.787,6.25
F-084,2026-08-27,Rice,Diamond Long-Grain,68,Grain/Pod Filling,28.7,27.1,5.82,123.0,15.3,184.2,27.6,72.9,0.0,9.1,18.0,0.0,0.0,3.5,2,0.756,5.94
F-084,2026-08-28,Rice,Diamond Long-Grain,69,Grain/Pod Filling,46.9,21.0,5.84,122.6,15.2,184.0,21.8,61.7,0.0,8.4,18.2,27.0,0.0,3.3,4,0.779,5.91
F-084,2026-08-29,Rice,Diamond Long-Grain,70,Grain/Pod Filling,42.9,18.4,5.77,122.2,15.1,183.9,19.6,68.1,0.0,7.5,17.3,0.0,0.0,2.6,3,0.798,5.85
F-084,2026-08-30,Rice,Diamond Long-Grain,71,Grain/Pod Filling,37.3,23.5,5.75,121.8,15.0,183.7,25.4,66.9,0.0,3.4,17.7,0.0,0.0,2.4,2,0.77,6.12
F-084,2026-08-31,Rice,Diamond Long-Grain,72,Grain/Pod Filling,51.8,22.4,5.83,121.4,14.9,183.6,23.2,84.0,0.0,4.1,19.7,23.2,0.0,2.9,2,0.773,5.26
F-084,2026-09-01,Rice,Diamond Long-Grain,73,Grain/Pod Filling,44.6,24.5,5.77,121.0,14.8,183.4,26.1,60.6,0.0,18.0,11.9,0.0,0.0,3.6,2,0.762,5.94
